pattern_id,service_id,type_id,box_count,mass_kg,volume_m3,energy_kwh,flight_s,operation_s,return_soc,rho_max,medical_count,water_count,food_count,hygiene_count
S001-A-001,S001,A,1,6,0.035,1.17806831239,680.906962821,1190.90696282,0.73820704169,0.73820704169,0,0,0,1
S001-B-001,S001,B,1,6,0.035,0.950916164171,579.106175887,1089.10617589,0.762270958957,0.762270958957,0,0,0,1
S001-C-001,S001,C,1,6,0.035,1.95520125226,618.175045922,1164.17504592,0.755599843467,0.755599843467,0,0,0,1
S001-A-002,S001,A,1,8,0.028,1.18657983256,680.906962821,1190.90696282,0.736315592764,0.736315592764,0,0,1,0
S001-B-002,S001,B,1,8,0.028,0.961988656116,579.106175887,1089.10617589,0.759502835971,0.759502835971,0,0,1,0
S001-C-002,S001,C,1,8,0.028,1.96207009551,618.175045922,1164.17504592,0.754741238061,0.754741238061,0,0,1,0
S001-A-003,S001,A,1,14,0.027,1.21951875186,680.906962821,1190.90696282,0.72899583292,0.72899583292,0,1,0,0
S001-B-003,S001,B,1,14,0.027,1.00696628302,579.106175887,1089.10617589,0.748258429244,0.748258429244,0,1,0,0
S001-C-003,S001,C,1,14,0.027,1.98765438925,618.175045922,1164.17504592,0.751543201343,0.751543201343,0,1,0,0
S001-A-004,S001,A,1,3,0.012,1.16778899267,680.906962821,1190.90696282,0.740491334961,0.740491334961,1,0,0,0
S001-B-004,S001,B,1,3,0.012,0.937869695895,579.106175887,1089.10617589,0.765532576026,0.765532576026,1,0,0,0
S001-C-004,S001,C,1,3,0.012,1.94673117119,618.175045922,1164.17504592,0.756658603601,0.756658603601,1,0,0,0
S001-B-005,S001,B,2,12,0.07,0.989880287593,579.106175887,1149.10617589,0.752529928102,0.752529928102,0,0,0,2
S001-C-005,S001,C,2,12,0.07,1.97833655071,618.175045922,1230.17504592,0.752707931162,0.752707931162,0,0,0,2
S001-B-006,S001,B,2,14,0.063,1.00696628302,579.106175887,1149.10617589,0.748258429244,0.748258429244,0,0,1,1
S001-C-006,S001,C,2,14,0.063,1.98765438925,618.175045922,1230.17504592,0.751543201343,0.751543201343,0,0,1,1
S001-A-007,S001,A,2,16,0.056,1.23304330033,680.906962821,1250.90696282,0.725990377705,0.725990377705,0,0,2,0
S001-B-007,S001,B,2,16,0.056,1.02644505382,579.106175887,1149.10617589,0.743388736544,0.743388736544,0,0,2,0
S001-C-007,S001,C,2,16,0.056,1.99773886888,618.175045922,1230.17504592,0.750282641389,0.750282641389,0,0,2,0
S001-B-008,S001,B,2,20,0.062,1.07397225779,579.106175887,1149.10617589,0.731506935552,0.731506935552,0,1,0,1
S001-C-008,S001,C,2,20,0.062,2.02020477364,618.175045922,1230.17504592,0.747474403295,0.747474403295,0,1,0,1
S001-A-009,S001,A,2,22,0.055,1.28233841663,680.906962821,1250.90696282,0.715035907415,0.715035907415,0,1,1,0
S001-B-009,S001,B,2,22,0.055,1.10298705648,579.106175887,1149.10617589,0.724253235879,0.724253235879,0,1,1,0
S001-C-009,S001,C,2,22,0.055,2.03260432918,618.175045922,1230.17504592,0.745924458853,0.745924458853,0,1,1,0
S001-B-010,S001,B,2,28,0.054,1.22040948059,579.106175887,1149.10617589,0.694897629853,0.694897629853,0,2,0,0
S001-C-010,S001,C,2,28,0.054,2.07471059661,618.175045922,1230.17504592,0.740661175424,0.740661175424,0,2,0,0
S001-A-011,S001,A,2,9,0.047,1.19130036041,680.906962821,1250.90696282,0.735266586575,0.735266586575,1,0,0,1
S001-B-011,S001,B,2,9,0.047,0.968226946383,579.106175887,1149.10617589,0.757943263404,0.757943263404,1,0,0,1
S001-C-011,S001,C,2,9,0.047,1.96583089501,618.175045922,1230.17504592,0.754271138124,0.754271138124,1,0,0,1
S001-A-012,S001,A,2,11,0.04,1.20165798414,680.906962821,1250.90696282,0.732964892413,0.732964892413,1,0,1,0
S001-B-012,S001,B,2,11,0.04,0.982155910075,579.106175887,1149.10617589,0.754461022481,0.754461022481,1,0,1,0
S001-C-012,S001,C,2,11,0.04,1.97396885699,618.175045922,1230.17504592,0.753253892876,0.753253892876,1,0,1,0
S001-A-013,S001,A,2,17,0.039,1.24031772055,680.906962821,1250.90696282,0.724373839877,0.724373839877,1,1,0,0
S001-B-013,S001,B,2,17,0.039,1.03717923592,579.106175887,1149.10617589,0.740705191021,0.740705191021,1,1,0,0
S001-C-013,S001,C,2,17,0.039,2.00306736189,618.175045922,1230.17504592,0.749616579764,0.749616579764,1,1,0,0
S001-A-014,S001,A,2,6,0.024,1.17806831239,680.906962821,1250.90696282,0.73820704169,0.73820704169,2,0,0,0
S001-B-014,S001,B,2,6,0.024,0.950916164171,579.106175887,1149.10617589,0.762270958957,0.762270958957,2,0,0,0
S001-C-014,S001,C,2,6,0.024,1.95520125226,618.175045922,1230.17504592,0.755599843467,0.755599843467,2,0,0,0
S001-C-015,S001,C,3,20,0.098,2.02020477364,618.175045922,1296.17504592,0.747474403295,0.747474403295,0,0,1,2
S001-C-016,S001,C,3,22,0.091,2.03260432918,618.175045922,1296.17504592,0.745924458853,0.745924458853,0,0,2,1
S001-C-017,S001,C,3,24,0.084,2.04580457237,618.175045922,1296.17504592,0.744274428453,0.744274428453,0,0,3,0
S001-C-018,S001,C,3,26,0.097,2.05982999293,618.175045922,1296.17504592,0.742521250884,0.742521250884,0,1,0,2
S001-C-019,S001,C,3,28,0.09,2.07471059661,618.175045922,1296.17504592,0.740661175424,0.740661175424,0,1,1,1
S001-C-020,S001,C,3,30,0.083,2.09048187843,618.175045922,1296.17504592,0.738689765196,0.738689765196,0,1,2,0
S001-C-021,S001,C,3,34,0.089,2.1248667616,618.175045922,1296.17504592,0.7343916548,0.7343916548,0,2,0,1
S001-C-022,S001,C,3,36,0.082,2.14358052749,618.175045922,1296.17504592,0.732052434063,0.732052434063,0,2,1,0
S001-C-023,S001,C,3,42,0.081,2.20655004556,618.175045922,1296.17504592,0.724181244305,0.724181244305,0,3,0,0
S001-C-024,S001,C,3,15,0.082,1.99260119525,618.175045922,1296.17504592,0.750924850594,0.750924850594,1,0,0,2
S001-C-025,S001,C,3,17,0.075,2.00306736189,618.175045922,1296.17504592,0.749616579764,0.749616579764,1,0,1,1
S001-B-026,S001,B,3,19,0.068,1.06088318915,579.106175887,1209.10617589,0.734779202711,0.734779202711,1,0,2,0
S001-C-026,S001,C,3,19,0.068,2.01429915648,618.175045922,1296.17504592,0.74821260544,0.74821260544,1,0,2,0
S001-C-027,S001,C,3,23,0.074,2.03910296496,618.175045922,1296.17504592,0.745112129381,0.745112129381,1,1,0,1
S001-B-028,S001,B,3,25,0.067,1.1550228524,579.106175887,1209.10617589,0.7112442869,0.7112442869,1,1,1,0
S001-C-028,S001,C,3,25,0.067,2.0527123883,618.175045922,1296.17504592,0.743410951463,0.743410951463,1,1,1,0
S001-C-029,S001,C,3,31,0.066,2.09871414408,618.175045922,1296.17504592,0.73766073199,0.73766073199,1,2,0,0
S001-A-030,S001,A,3,12,0.059,1.20729751631,680.906962821,1310.90696282,0.731711663042,0.731711663042,2,0,0,1
S001-B-030,S001,B,3,12,0.059,0.989880287593,579.106175887,1209.10617589,0.752529928102,0.752529928102,2,0,0,1
S001-C-030,S001,C,3,12,0.059,1.97833655071,618.175045922,1296.17504592,0.752707931162,0.752707931162,2,0,0,1
S001-A-031,S001,A,3,14,0.052,1.21951875186,680.906962821,1310.90696282,0.72899583292,0.72899583292,2,0,1,0
S001-B-031,S001,B,3,14,0.052,1.00696628302,579.106175887,1209.10617589,0.748258429244,0.748258429244,2,0,1,0
S001-C-031,S001,C,3,14,0.052,1.98765438925,618.175045922,1296.17504592,0.751543201343,0.751543201343,2,0,1,0
S001-A-032,S001,A,3,20,0.051,1.26433817251,680.906962821,1310.90696282,0.719035961664,0.719035961664,2,1,0,0
S001-B-032,S001,B,3,20,0.051,1.07397225779,579.106175887,1209.10617589,0.731506935552,0.731506935552,2,1,0,0
S001-C-032,S001,C,3,20,0.051,2.02020477364,618.175045922,1296.17504592,0.747474403295,0.747474403295,2,1,0,0
S001-C-033,S001,C,4,28,0.126,2.07471059661,618.175045922,1362.17504592,0.740661175424,0.740661175424,0,0,2,2
S001-C-034,S001,C,4,30,0.119,2.09048187843,618.175045922,1362.17504592,0.738689765196,0.738689765196,0,0,3,1
S001-C-035,S001,C,4,34,0.125,2.1248667616,618.175045922,1362.17504592,0.7343916548,0.7343916548,0,1,1,2
S001-C-036,S001,C,4,36,0.118,2.14358052749,618.175045922,1362.17504592,0.732052434063,0.732052434063,0,1,2,1
S001-C-037,S001,C,4,38,0.111,2.16338615706,618.175045922,1362.17504592,0.729576730367,0.729576730367,0,1,3,0
S001-C-038,S001,C,4,40,0.124,2.18435089249,618.175045922,1362.17504592,0.726956138438,0.726956138438,0,2,0,2
S001-C-039,S001,C,4,42,0.117,2.20655004556,618.175045922,1362.17504592,0.724181244305,0.724181244305,0,2,1,1
S001-C-040,S001,C,4,44,0.11,2.23006788809,618.175045922,1362.17504592,0.721241513989,0.721241513989,0,2,2,0
S001-C-041,S001,C,4,48,0.116,2.28144808191,618.175045922,1362.17504592,0.714818989761,0.714818989761,0,3,0,1
S001-C-042,S001,C,4,50,0.109,2.30953432758,618.175045922,1362.17504592,0.711308209052,0.711308209052,0,3,1,0
S001-C-043,S001,C,4,56,0.108,2.40502836213,618.175045922,1362.17504592,0.699371454733,0.699371454733,0,4,0,0
S001-C-044,S001,C,4,23,0.11,2.03910296496,618.175045922,1362.17504592,0.745112129381,0.745112129381,1,0,1,2
S001-C-045,S001,C,4,25,0.103,2.0527123883,618.175045922,1362.17504592,0.743410951463,0.743410951463,1,0,2,1
S001-C-046,S001,C,4,27,0.096,2.06716130786,618.175045922,1362.17504592,0.741604836518,0.741604836518,1,0,3,0
S001-C-047,S001,C,4,29,0.109,2.08248246747,618.175045922,1362.17504592,0.739689691566,0.739689691566,1,1,0,2
S001-C-048,S001,C,4,31,0.102,2.09871414408,618.175045922,1362.17504592,0.73766073199,0.73766073199,1,1,1,1
S001-C-049,S001,C,4,33,0.095,2.11590033541,618.175045922,1362.17504592,0.735512458074,0.735512458074,1,1,2,0
S001-C-050,S001,C,4,37,0.101,2.15334283643,618.175045922,1362.17504592,0.730832145446,0.730832145446,1,2,0,1
S001-C-051,S001,C,4,39,0.094,2.17371912836,618.175045922,1362.17504592,0.728285108955,0.728285108955,1,2,1,0
S001-C-052,S001,C,4,45,0.093,2.2423503597,618.175045922,1362.17504592,0.719706205038,0.719706205038,1,3,0,0
S001-C-053,S001,C,4,18,0.094,2.00858714418,618.175045922,1362.17504592,0.748926606978,0.748926606978,2,0,0,2
S001-C-054,S001,C,4,20,0.087,2.02020477364,618.175045922,1362.17504592,0.747474403295,0.747474403295,2,0,1,1
S001-C-055,S001,C,4,22,0.08,2.03260432918,618.175045922,1362.17504592,0.745924458853,0.745924458853,2,0,2,0
S001-C-056,S001,C,4,26,0.086,2.05982999293,618.175045922,1362.17504592,0.742521250884,0.742521250884,2,1,0,1
S001-C-057,S001,C,4,28,0.079,2.07471059661,618.175045922,1362.17504592,0.740661175424,0.740661175424,2,1,1,0
S001-C-058,S001,C,4,34,0.078,2.1248667616,618.175045922,1362.17504592,0.7343916548,0.7343916548,2,2,0,0
S001-C-059,S001,C,5,36,0.154,2.14358052749,618.175045922,1428.17504592,0.732052434063,0.732052434063,0,0,3,2
S001-C-060,S001,C,5,42,0.153,2.20655004556,618.175045922,1428.17504592,0.724181244305,0.724181244305,0,1,2,2
S001-C-061,S001,C,5,44,0.146,2.23006788809,618.175045922,1428.17504592,0.721241513989,0.721241513989,0,1,3,1
S001-C-062,S001,C,5,48,0.152,2.28144808191,618.175045922,1428.17504592,0.714818989761,0.714818989761,0,2,1,2
S001-C-063,S001,C,5,50,0.145,2.30953432758,618.175045922,1428.17504592,0.711308209052,0.711308209052,0,2,2,1
S001-C-064,S001,C,5,52,0.138,2.33939029847,618.175045922,1428.17504592,0.707576212692,0.707576212692,0,2,3,0
S001-C-065,S001,C,5,54,0.151,2.37116545636,618.175045922,1428.17504592,0.703604317955,0.703604317955,0,3,0,2
S001-C-066,S001,C,5,56,0.144,2.40502836213,618.175045922,1428.17504592,0.699371454733,0.699371454733,0,3,1,1
S001-C-067,S001,C,5,58,0.137,2.44116964745,618.175045922,1428.17504592,0.694853794069,0.694853794069,0,3,2,0
S001-C-068,S001,C,5,62,0.143,2.52118236794,618.175045922,1428.17504592,0.684852204007,0.684852204007,0,4,0,1
S001-C-069,S001,C,5,64,0.136,2.56558136592,618.175045922,1428.17504592,0.67930232926,0.67930232926,0,4,1,0
S001-C-070,S001,C,5,70,0.135,2.7203965764,618.175045922,1428.17504592,0.659950427949,0.659950427949,0,5,0,0
S001-C-071,S001,C,5,31,0.138,2.09871414408,618.175045922,1428.17504592,0.73766073199,0.73766073199,1,0,2,2
S001-C-072,S001,C,5,33,0.131,2.11590033541,618.175045922,1428.17504592,0.735512458074,0.735512458074,1,0,3,1
S001-C-073,S001,C,5,37,0.137,2.15334283643,618.175045922,1428.17504592,0.730832145446,0.730832145446,1,1,1,2
S001-C-074,S001,C,5,39,0.13,2.17371912836,618.175045922,1428.17504592,0.728285108955,0.728285108955,1,1,2,1
S001-C-075,S001,C,5,41,0.123,2.19529112137,618.175045922,1428.17504592,0.725588609829,0.725588609829,1,1,3,0
S001-C-076,S001,C,5,43,0.136,2.21813848595,618.175045922,1428.17504592,0.722732689257,0.722732689257,1,2,0,2
S001-C-077,S001,C,5,45,0.129,2.2423503597,618.175045922,1428.17504592,0.719706205038,0.719706205038,1,2,1,1
S001-C-078,S001,C,5,47,0.122,2.26802650102,618.175045922,1428.17504592,0.716496687372,0.716496687372,1,2,2,0
S001-C-079,S001,C,5,51,0.128,2.32423217236,618.175045922,1428.17504592,0.709470978454,0.709470978454,1,3,0,1
S001-C-080,S001,C,5,53,0.121,2.35502792384,618.175045922,1428.17504592,0.70562150952,0.70562150952,1,3,1,0
S001-C-081,S001,C,5,59,0.12,2.46016115306,618.175045922,1428.17504592,0.692479855867,0.692479855867,1,4,0,0
S001-C-082,S001,C,5,26,0.122,2.05982999293,618.175045922,1428.17504592,0.742521250884,0.742521250884,2,0,1,2
S001-C-083,S001,C,5,28,0.115,2.07471059661,618.175045922,1428.17504592,0.740661175424,0.740661175424,2,0,2,1
S001-C-084,S001,C,5,30,0.108,2.09048187843,618.175045922,1428.17504592,0.738689765196,0.738689765196,2,0,3,0
S001-C-085,S001,C,5,32,0.121,2.10718494441,618.175045922,1428.17504592,0.736601881949,0.736601881949,2,1,0,2
S001-C-086,S001,C,5,34,0.114,2.1248667616,618.175045922,1428.17504592,0.7343916548,0.7343916548,2,1,1,1
S001-C-087,S001,C,5,36,0.107,2.14358052749,618.175045922,1428.17504592,0.732052434063,0.732052434063,2,1,2,0
S001-C-088,S001,C,5,40,0.113,2.18435089249,618.175045922,1428.17504592,0.726956138438,0.726956138438,2,2,0,1
S001-C-089,S001,C,5,42,0.106,2.20655004556,618.175045922,1428.17504592,0.724181244305,0.724181244305,2,2,1,0
S001-C-090,S001,C,5,48,0.105,2.28144808191,618.175045922,1428.17504592,0.714818989761,0.714818989761,2,3,0,0
S001-C-091,S001,C,6,50,0.181,2.30953432758,618.175045922,1494.17504592,0.711308209052,0.711308209052,0,1,3,2
S001-C-092,S001,C,6,56,0.18,2.40502836213,618.175045922,1494.17504592,0.699371454733,0.699371454733,0,2,2,2
S001-C-093,S001,C,6,58,0.173,2.44116964745,618.175045922,1494.17504592,0.694853794069,0.694853794069,0,2,3,1
S001-C-094,S001,C,6,62,0.179,2.52118236794,618.175045922,1494.17504592,0.684852204007,0.684852204007,0,3,1,2
S001-C-095,S001,C,6,64,0.172,2.56558136592,618.175045922,1494.17504592,0.67930232926,0.67930232926,0,3,2,1
S001-C-096,S001,C,6,66,0.165,2.61332544373,618.175045922,1494.17504592,0.673334319533,0.673334319533,0,3,3,0
S001-C-097,S001,C,6,68,0.178,2.66478679146,618.175045922,1494.17504592,0.666901651068,0.666901651068,0,4,0,2
S001-C-098,S001,C,6,70,0.171,2.7203965764,618.175045922,1494.17504592,0.659950427949,0.659950427949,0,4,1,1
S001-C-099,S001,C,6,72,0.164,2.78065697447,618.175045922,1494.17504592,0.652417878191,0.652417878191,0,4,2,0
S001-C-100,S001,C,6,76,0.17,2.91758809603,618.175045922,1494.17504592,0.635301487996,0.635301487996,0,5,0,1
S001-C-101,S001,C,6,78,0.163,2.99577580536,618.175045922,1494.17504592,0.62552802433,0.62552802433,0,5,1,0
S001-C-103,S001,C,6,39,0.166,2.17371912836,618.175045922,1494.17504592,0.728285108955,0.728285108955,1,0,3,2
S001-C-104,S001,C,6,45,0.165,2.2423503597,618.175045922,1494.17504592,0.719706205038,0.719706205038,1,1,2,2
S001-C-105,S001,C,6,47,0.158,2.26802650102,618.175045922,1494.17504592,0.716496687372,0.716496687372,1,1,3,1
S001-C-106,S001,C,6,51,0.164,2.32423217236,618.175045922,1494.17504592,0.709470978454,0.709470978454,1,2,1,2
S001-C-107,S001,C,6,53,0.157,2.35502792384,618.175045922,1494.17504592,0.70562150952,0.70562150952,1,2,2,1
S001-C-108,S001,C,6,55,0.15,2.38782458215,618.175045922,1494.17504592,0.701521927231,0.701521927231,1,2,3,0
S001-C-109,S001,C,6,57,0.163,2.42280133785,618.175045922,1494.17504592,0.697149832769,0.697149832769,1,3,0,2
S001-C-110,S001,C,6,59,0.156,2.46016115306,618.175045922,1494.17504592,0.692479855867,0.692479855867,1,3,1,1
S001-C-111,S001,C,6,61,0.149,2.50013467499,618.175045922,1494.17504592,0.687483165626,0.687483165626,1,3,2,0
S001-C-112,S001,C,6,65,0.155,2.58901326694,618.175045922,1494.17504592,0.676373341632,0.676373341632,1,4,0,1
S001-C-113,S001,C,6,67,0.148,2.63856602107,618.175045922,1494.17504592,0.670179247366,0.670179247366,1,4,1,0
S001-C-114,S001,C,6,73,0.147,2.81271114188,618.175045922,1494.17504592,0.648411107265,0.648411107265,1,5,0,0
S001-C-115,S001,C,6,34,0.15,2.1248667616,618.175045922,1494.17504592,0.7343916548,0.7343916548,2,0,2,2
S001-C-116,S001,C,6,36,0.143,2.14358052749,618.175045922,1494.17504592,0.732052434063,0.732052434063,2,0,3,1
S001-C-117,S001,C,6,40,0.149,2.18435089249,618.175045922,1494.17504592,0.726956138438,0.726956138438,2,1,1,2
S001-C-118,S001,C,6,42,0.142,2.20655004556,618.175045922,1494.17504592,0.724181244305,0.724181244305,2,1,2,1
S001-C-119,S001,C,6,44,0.135,2.23006788809,618.175045922,1494.17504592,0.721241513989,0.721241513989,2,1,3,0
S001-C-120,S001,C,6,46,0.148,2.25499871139,618.175045922,1494.17504592,0.718125161076,0.718125161076,2,2,0,2
S001-C-121,S001,C,6,48,0.141,2.28144808191,618.175045922,1494.17504592,0.714818989761,0.714818989761,2,2,1,1
S001-C-122,S001,C,6,50,0.134,2.30953432758,618.175045922,1494.17504592,0.711308209052,0.711308209052,2,2,2,0
S001-C-123,S001,C,6,54,0.14,2.37116545636,618.175045922,1494.17504592,0.703604317955,0.703604317955,2,3,0,1
S001-C-124,S001,C,6,56,0.133,2.40502836213,618.175045922,1494.17504592,0.699371454733,0.699371454733,2,3,1,0
S001-C-125,S001,C,6,62,0.132,2.52118236794,618.175045922,1494.17504592,0.684852204007,0.684852204007,2,4,0,0
S001-C-126,S001,C,7,64,0.208,2.56558136592,618.175045922,1560.17504592,0.67930232926,0.67930232926,0,2,3,2
S001-C-127,S001,C,7,70,0.207,2.7203965764,618.175045922,1560.17504592,0.659950427949,0.659950427949,0,3,2,2
S001-C-128,S001,C,7,72,0.2,2.78065697447,618.175045922,1560.17504592,0.652417878191,0.652417878191,0,3,3,1
S001-C-129,S001,C,7,76,0.206,2.91758809603,618.175045922,1560.17504592,0.635301487996,0.635301487996,0,4,1,2
S001-C-130,S001,C,7,78,0.199,2.99577580536,618.175045922,1560.17504592,0.62552802433,0.62552802433,0,4,2,1
S001-C-131,S001,C,7,80,0.192,3.08170436114,618.175045922,1560.17504592,0.614786954858,0.614786954858,0,4,3,0
S001-C-138,S001,C,7,53,0.193,2.35502792384,618.175045922,1560.17504592,0.70562150952,0.70562150952,1,1,3,2
S001-C-139,S001,C,7,59,0.192,2.46016115306,618.175045922,1560.17504592,0.692479855867,0.692479855867,1,2,2,2
S001-C-140,S001,C,7,61,0.185,2.50013467499,618.175045922,1560.17504592,0.687483165626,0.687483165626,1,2,3,1
S001-C-141,S001,C,7,65,0.191,2.58901326694,618.175045922,1560.17504592,0.676373341632,0.676373341632,1,3,1,2
S001-C-142,S001,C,7,67,0.184,2.63856602107,618.175045922,1560.17504592,0.670179247366,0.670179247366,1,3,2,1
S001-C-143,S001,C,7,69,0.177,2.69204356759,618.175045922,1560.17504592,0.663494554051,0.663494554051,1,3,3,0
S001-C-144,S001,C,7,71,0.19,2.7499109006,618.175045922,1560.17504592,0.656261137425,0.656261137425,1,4,0,2
S001-C-145,S001,C,7,73,0.183,2.81271114188,618.175045922,1560.17504592,0.648411107265,0.648411107265,1,4,1,1
S001-C-146,S001,C,7,75,0.176,2.88108253985,618.175045922,1560.17504592,0.639864682519,0.639864682519,1,4,2,0
S001-C-147,S001,C,7,79,0.182,3.03770355351,618.175045922,1560.17504592,0.620287055811,0.620287055811,1,5,0,1
S001-C-150,S001,C,7,42,0.178,2.20655004556,618.175045922,1560.17504592,0.724181244305,0.724181244305,2,0,3,2
S001-C-151,S001,C,7,48,0.177,2.28144808191,618.175045922,1560.17504592,0.714818989761,0.714818989761,2,1,2,2
S001-C-152,S001,C,7,50,0.17,2.30953432758,618.175045922,1560.17504592,0.711308209052,0.711308209052,2,1,3,1
S001-C-153,S001,C,7,54,0.176,2.37116545636,618.175045922,1560.17504592,0.703604317955,0.703604317955,2,2,1,2
S001-C-154,S001,C,7,56,0.169,2.40502836213,618.175045922,1560.17504592,0.699371454733,0.699371454733,2,2,2,1
S001-C-155,S001,C,7,58,0.162,2.44116964745,618.175045922,1560.17504592,0.694853794069,0.694853794069,2,2,3,0
S001-C-156,S001,C,7,60,0.175,2.47980558082,618.175045922,1560.17504592,0.690024302397,0.690024302397,2,3,0,2
S001-C-157,S001,C,7,62,0.168,2.52118236794,618.175045922,1560.17504592,0.684852204007,0.684852204007,2,3,1,1
S001-C-158,S001,C,7,64,0.161,2.56558136592,618.175045922,1560.17504592,0.67930232926,0.67930232926,2,3,2,0
S001-C-159,S001,C,7,68,0.167,2.66478679146,618.175045922,1560.17504592,0.666901651068,0.666901651068,2,4,0,1
S001-C-160,S001,C,7,70,0.16,2.7203965764,618.175045922,1560.17504592,0.659950427949,0.659950427949,2,4,1,0
S001-C-161,S001,C,7,76,0.159,2.91758809603,618.175045922,1560.17504592,0.635301487996,0.635301487996,2,5,0,0
S001-C-162,S001,C,8,78,0.235,2.99577580536,618.175045922,1626.17504592,0.62552802433,0.62552802433,0,3,3,2
S001-C-174,S001,C,8,67,0.22,2.63856602107,618.175045922,1626.17504592,0.670179247366,0.670179247366,1,2,3,2
S001-C-175,S001,C,8,73,0.219,2.81271114188,618.175045922,1626.17504592,0.648411107265,0.648411107265,1,3,2,2
S001-C-176,S001,C,8,75,0.212,2.88108253985,618.175045922,1626.17504592,0.639864682519,0.639864682519,1,3,3,1
S001-C-177,S001,C,8,79,0.218,3.03770355351,618.175045922,1626.17504592,0.620287055811,0.620287055811,1,4,1,2
S001-C-186,S001,C,8,56,0.205,2.40502836213,618.175045922,1626.17504592,0.699371454733,0.699371454733,2,1,3,2
S001-C-187,S001,C,8,62,0.204,2.52118236794,618.175045922,1626.17504592,0.684852204007,0.684852204007,2,2,2,2
S001-C-188,S001,C,8,64,0.197,2.56558136592,618.175045922,1626.17504592,0.67930232926,0.67930232926,2,2,3,1
S001-C-189,S001,C,8,68,0.203,2.66478679146,618.175045922,1626.17504592,0.666901651068,0.666901651068,2,3,1,2
S001-C-190,S001,C,8,70,0.196,2.7203965764,618.175045922,1626.17504592,0.659950427949,0.659950427949,2,3,2,1
S001-C-191,S001,C,8,72,0.189,2.78065697447,618.175045922,1626.17504592,0.652417878191,0.652417878191,2,3,3,0
S001-C-192,S001,C,8,74,0.202,2.84615628573,618.175045922,1626.17504592,0.644230464283,0.644230464283,2,4,0,2
S001-C-193,S001,C,8,76,0.195,2.91758809603,618.175045922,1626.17504592,0.635301487996,0.635301487996,2,4,1,1
S001-C-194,S001,C,8,78,0.188,2.99577580536,618.175045922,1626.17504592,0.62552802433,0.62552802433,2,4,2,0
S001-C-221,S001,C,9,70,0.232,2.7203965764,618.175045922,1692.17504592,0.659950427949,0.659950427949,2,2,3,2
S001-C-222,S001,C,9,76,0.231,2.91758809603,618.175045922,1692.17504592,0.635301487996,0.635301487996,2,3,2,2
S001-C-223,S001,C,9,78,0.224,2.99577580536,618.175045922,1692.17504592,0.62552802433,0.62552802433,2,3,3,1
S002-A-001,S002,A,1,6,0.035,2.77608760378,1433.77520846,1943.77520846,0.383091643605,0.383091643605,0,0,0,1
S002-B-001,S002,B,1,6,0.035,2.23047307319,1186.72408132,1696.72408132,0.442381731703,0.442381731703,0,0,0,1
S002-C-001,S002,C,1,6,0.035,4.66215409328,1231.84216605,1777.84216605,0.41723073834,0.41723073834,0,0,0,1
S002-A-002,S002,A,1,8,0.028,2.7954457371,1433.77520846,1943.77520846,0.3787898362,0.3787898362,0,0,1,0
S002-B-002,S002,B,1,8,0.028,2.25604619741,1186.72408132,1696.72408132,0.435988450648,0.435988450648,0,0,1,0
S002-C-002,S002,C,1,8,0.028,4.67752576248,1231.84216605,1777.84216605,0.41530927969,0.41530927969,0,0,1,0
S002-A-003,S002,A,1,14,0.027,2.87148910608,1433.77520846,1943.77520846,0.36189130976,0.36189130976,0,1,0,0
S002-B-003,S002,B,1,14,0.027,2.3613052176,1186.72408132,1696.72408132,0.409673695601,0.409673695601,0,1,0,0
S002-C-003,S002,C,1,14,0.027,4.73572085556,1231.84216605,1777.84216605,0.408034893055,0.408034893055,0,1,0,0
S002-A-004,S002,A,1,3,0.012,2.7530882103,1433.77520846,1943.77520846,0.388202619934,0.388202619934,1,0,0,0
S002-B-004,S002,B,1,3,0.012,2.20075833702,1186.72408132,1696.72408132,0.449810415744,0.449810415744,1,0,0,0
S002-C-004,S002,C,1,3,0.012,4.64354537753,1231.84216605,1777.84216605,0.419556827809,0.419556827809,1,0,0,0
S002-B-005,S002,B,2,14,0.063,2.3613052176,1186.72408132,1756.72408132,0.409673695601,0.409673695601,0,0,1,1
S002-C-005,S002,C,2,14,0.063,4.73572085556,1231.84216605,1843.84216605,0.408034893055,0.408034893055,0,0,1,1
S002-A-006,S002,A,2,16,0.056,2.90301290462,1433.77520846,2003.77520846,0.354886021197,0.354886021197,0,0,2,0
S002-B-006,S002,B,2,16,0.056,2.40727878006,1186.72408132,1756.72408132,0.398180304986,0.398180304986,0,0,2,0
S002-C-006,S002,C,2,16,0.056,4.75889626201,1231.84216605,1843.84216605,0.405137967249,0.405137967249,0,0,2,0
S002-B-007,S002,B,2,20,0.062,2.52002284388,1186.72408132,1756.72408132,0.369994289029,0.369994289029,0,1,0,1
S002-C-007,S002,C,2,20,0.062,4.81082132428,1231.84216605,1843.84216605,0.398647334465,0.398647334465,0,1,0,1
S002-A-008,S002,A,2,22,0.055,3.01874964953,1433.77520846,2003.77520846,0.32916674455,0.32916674455,0,1,1,0
S002-B-008,S002,B,2,22,0.055,2.58913853038,1186.72408132,1756.72408132,0.352715367404,0.352715367404,0,1,1,0
S002-C-008,S002,C,2,22,0.055,4.83961497917,1231.84216605,1843.84216605,0.395048127603,0.395048127603,0,1,1,0
S002-B-009,S002,B,2,28,0.054,2.87020727996,1186.72408132,1756.72408132,0.28244818001,0.28244818001,0,2,0,0
S002-C-009,S002,C,2,28,0.054,4.93790575662,1231.84216605,1843.84216605,0.382761780422,0.382761780422,0,2,0,0
S002-A-010,S002,A,2,9,0.047,2.80625270664,1433.77520846,2003.77520846,0.376388287414,0.376388287414,1,0,0,1
S002-B-010,S002,B,2,9,0.047,2.27053648735,1186.72408132,1756.72408132,0.432365878162,0.432365878162,1,0,0,1
S002-C-010,S002,C,2,9,0.047,4.68600365405,1231.84216605,1843.84216605,0.414249543244,0.414249543244,1,0,0,1
S002-A-011,S002,A,2,11,0.04,2.83009098181,1433.77520846,2003.77520846,0.37109089293,0.37109089293,1,0,1,0
S002-B-011,S002,B,2,11,0.04,2.30304172463,1186.72408132,1756.72408132,0.424239568842,0.424239568842,1,0,1,0
S002-C-011,S002,C,2,11,0.04,4.70445523277,1231.84216605,1843.84216605,0.411943095903,0.411943095903,1,0,1,0
S002-A-012,S002,A,2,17,0.039,2.92001768469,1433.77520846,2003.77520846,0.351107181181,0.351107181181,1,1,0,0
S002-B-012,S002,B,2,17,0.039,2.43267974345,1186.72408132,1756.72408132,0.391830064138,0.391830064138,1,1,0,0
S002-C-012,S002,C,2,17,0.039,4.77117864722,1231.84216605,1843.84216605,0.403602669098,0.403602669098,1,1,0,0
S002-C-013,S002,C,3,22,0.091,4.83961497917,1231.84216605,1909.84216605,0.395048127603,0.395048127603,0,0,2,1
S002-C-014,S002,C,3,28,0.09,4.93790575662,1231.84216605,1909.84216605,0.382761780422,0.382761780422,0,1,1,1
S002-C-015,S002,C,3,30,0.083,4.97488194923,1231.84216605,1909.84216605,0.378139756346,0.378139756346,0,1,2,0
S002-C-016,S002,C,3,34,0.089,5.05573210277,1231.84216605,1909.84216605,0.368033487154,0.368033487154,0,2,0,1
S002-C-017,S002,C,3,36,0.082,5.09984914396,1231.84216605,1909.84216605,0.362518857005,0.362518857005,0,2,1,0
S002-C-018,S002,C,3,42,0.081,5.24877105836,1231.84216605,1909.84216605,0.343903617705,0.343903617705,0,3,0,0
S002-C-019,S002,C,3,17,0.075,4.77117864722,1231.84216605,1909.84216605,0.403602669098,0.403602669098,1,0,1,1
S002-B-020,S002,B,3,19,0.068,2.48890701921,1186.72408132,1816.72408132,0.377773245197,0.377773245197,1,0,2,0
S002-C-020,S002,C,3,19,0.068,4.79713836863,1231.84216605,1909.84216605,0.400357703922,0.400357703922,1,0,2,0
S002-C-021,S002,C,3,23,0.074,4.8547370781,1231.84216605,1909.84216605,0.393157865237,0.393157865237,1,1,0,1
S002-B-022,S002,B,3,25,0.067,2.7134729412,1186.72408132,1816.72408132,0.321631764699,0.321631764699,1,1,1,0
S002-C-022,S002,C,3,25,0.067,4.8864668518,1231.84216605,1909.84216605,0.389191643525,0.389191643525,1,1,1,0
S002-C-023,S002,C,3,31,0.066,4.99421123778,1231.84216605,1909.84216605,0.375723595277,0.375723595277,1,2,0,0
S002-C-024,S002,C,4,36,0.118,5.09984914396,1231.84216605,1975.84216605,0.362518857005,0.362518857005,0,1,2,1
S002-C-025,S002,C,4,42,0.117,5.24877105836,1231.84216605,1975.84216605,0.343903617705,0.343903617705,0,2,1,1
S002-C-026,S002,C,4,44,0.11,5.30454667886,1231.84216605,1975.84216605,0.336931665142,0.336931665142,0,2,2,0
S002-C-027,S002,C,4,48,0.116,5.42664121546,1231.84216605,1975.84216605,0.321669848068,0.321669848068,0,3,0,1
S002-C-028,S002,C,4,50,0.109,5.49350348058,1231.84216605,1975.84216605,0.313312064928,0.313312064928,0,3,1,0
S002-C-029,S002,C,4,56,0.108,5.72135620385,1231.84216605,1975.84216605,0.284830474518,0.284830474518,0,4,0,0
S002-C-030,S002,C,4,25,0.103,4.8864668518,1231.84216605,1975.84216605,0.389191643525,0.389191643525,1,0,2,1
S002-C-031,S002,C,4,31,0.102,4.99421123778,1231.84216605,1975.84216605,0.375723595277,0.375723595277,1,1,1,1
S002-C-032,S002,C,4,33,0.095,5.03462114637,1231.84216605,1975.84216605,0.370672356704,0.370672356704,1,1,2,0
S002-C-033,S002,C,4,37,0.101,5.12289155625,1231.84216605,1975.84216605,0.359638555468,0.359638555468,1,2,0,1
S002-C-034,S002,C,4,39,0.094,5.17104323159,1231.84216605,1975.84216605,0.353619596051,0.353619596051,1,2,1,0
S002-C-035,S002,C,4,45,0.093,5.33370504612,1231.84216605,1975.84216605,0.333286869235,0.333286869235,1,3,0,0
S002-C-036,S002,C,5,50,0.145,5.49350348058,1231.84216605,2041.84216605,0.313312064928,0.313312064928,0,2,2,1
S002-C-037,S002,C,5,56,0.144,5.72135620385,1231.84216605,2041.84216605,0.284830474518,0.284830474518,0,3,1,1
S002-C-038,S002,C,5,58,0.137,5.80776651651,1231.84216605,2041.84216605,0.274029185436,0.274029185436,0,3,2,0
S002-C-039,S002,C,5,62,0.143,5.99934674374,1231.84216605,2041.84216605,0.250081657032,0.250081657032,0,4,0,1
S002-C-040,S002,C,5,64,0.136,6.10579695278,1231.84216605,2041.84216605,0.236775380902,0.236775380902,0,4,1,0
S002-C-041,S002,C,5,39,0.13,5.17104323159,1231.84216605,2041.84216605,0.353619596051,0.353619596051,1,1,2,1
S002-C-042,S002,C,5,45,0.129,5.33370504612,1231.84216605,2041.84216605,0.333286869235,0.333286869235,1,2,1,1
S002-C-043,S002,C,5,47,0.122,5.39471844687,1231.84216605,2041.84216605,0.325660194142,0.325660194142,1,2,2,0
S002-C-044,S002,C,5,51,0.128,5.52852349864,1231.84216605,2041.84216605,0.30893456267,0.30893456267,1,3,0,1
S002-C-045,S002,C,5,53,0.121,5.60196121845,1231.84216605,2041.84216605,0.299754847693,0.299754847693,1,3,1,0
S002-C-046,S002,C,5,59,0.12,5.85320643191,1231.84216605,2041.84216605,0.268349196011,0.268349196011,1,4,0,0
S002-C-047,S002,C,6,64,0.172,6.10579695278,1231.84216605,2107.84216605,0.236775380902,0.236775380902,0,3,2,1
S002-C-048,S002,C,6,70,0.171,6.47761087536,1231.84216605,2107.84216605,0.19029864058,0.19029864058,0,4,1,1
S002-C-049,S002,C,6,72,0.164,6.62255368241,1231.84216605,2107.84216605,0.172180789699,0.172180789699,0,4,2,0
S002-C-050,S002,C,6,53,0.157,5.60196121845,1231.84216605,2107.84216605,0.299754847693,0.299754847693,1,2,2,1
S002-C-051,S002,C,6,59,0.156,5.85320643191,1231.84216605,2107.84216605,0.268349196011,0.268349196011,1,3,1,1
S002-C-052,S002,C,6,61,0.149,5.94891685318,1231.84216605,2107.84216605,0.256385393352,0.256385393352,1,3,2,0
S002-C-053,S002,C,6,65,0.155,6.16201286238,1231.84216605,2107.84216605,0.229748392202,0.229748392202,1,4,0,1
S002-C-054,S002,C,6,67,0.148,6.28097025631,1231.84216605,2107.84216605,0.214878717961,0.214878717961,1,4,1,0
S002-C-055,S002,C,7,78,0.199,7.14071300998,1231.84216605,2173.84216605,0.107410873753,0.107410873753,0,4,2,1
S002-C-056,S002,C,7,67,0.184,6.28097025631,1231.84216605,2173.84216605,0.214878717961,0.214878717961,1,3,2,1
S002-C-057,S002,C,7,73,0.183,6.69969419086,1231.84216605,2173.84216605,0.162538226142,0.162538226142,1,4,1,1
S002-C-058,S002,C,7,75,0.176,6.86432085036,1231.84216605,2173.84216605,0.141959893705,0.141959893705,1,4,2,0
S003-A-001,S003,A,1,6,0.035,2.83042632012,1692.73723069,2202.73723069,0.371016373306,0.371016373306,0,0,0,1
S003-B-001,S003,B,1,6,0.035,2.28826820154,1450.60966509,1960.60966509,0.427932949616,0.427932949616,0,0,0,1
S003-C-001,S003,C,1,6,0.035,4.67875643639,1560.17771116,2106.17771116,0.415155445452,0.415155445452,0,0,0,1
S003-A-002,S003,A,1,8,0.028,2.85133927211,1692.73723069,2202.73723069,0.366369050643,0.366369050643,0,0,1,0
S003-B-002,S003,B,1,8,0.028,2.31527228386,1450.60966509,1960.60966509,0.421181929036,0.421181929036,0,0,1,0
S003-C-002,S003,C,1,8,0.028,4.69576237178,1560.17771116,2106.17771116,0.413029703528,0.413029703528,0,0,1,0
S003-A-003,S003,A,1,14,0.027,2.93168898769,1692.73723069,2202.73723069,0.348513558291,0.348513558291,0,1,0,0
S003-B-003,S003,B,1,14,0.027,2.42425540252,1450.60966509,1960.60966509,0.393936149369,0.393936149369,0,1,0,0
S003-C-003,S003,C,1,14,0.027,4.7586195155,1560.17771116,2106.17771116,0.405172560562,0.405172560562,0,1,0,0
S003-A-004,S003,A,1,3,0.012,2.80497436926,1692.73723069,2202.73723069,0.376672362386,0.376672362386,1,0,0,0
S003-B-004,S003,B,1,3,0.012,2.25623474022,1450.60966509,1960.60966509,0.435941314945,0.435941314945,1,0,0,0
S003-C-004,S003,C,1,3,0.012,4.65760766002,1560.17771116,2106.17771116,0.417799042497,0.417799042497,1,0,0,0
S003-B-005,S003,B,2,14,0.063,2.42425540252,1450.60966509,2020.60966509,0.393936149369,0.393936149369,0,0,1,1
S003-C-005,S003,C,2,14,0.063,4.7586195155,1560.17771116,2172.17771116,0.405172560562,0.405172560562,0,0,1,1
S003-A-006,S003,A,2,16,0.056,2.96452515142,1692.73723069,2262.73723069,0.341216633017,0.341216633017,0,0,2,0
S003-B-006,S003,B,2,16,0.056,2.47125335618,1450.60966509,2020.60966509,0.382186660955,0.382186660955,0,0,2,0
S003-C-006,S003,C,2,16,0.056,4.78327366495,1560.17771116,2172.17771116,0.402090791882,0.402090791882,0,0,2,0
S003-B-007,S003,B,2,20,0.062,2.5856317335,1450.60966509,2020.60966509,0.353592066626,0.353592066626,0,1,0,1
S003-C-007,S003,C,2,20,0.062,4.83804512219,1560.17771116,2172.17771116,0.395244359726,0.395244359726,0,1,0,1
S003-A-008,S003,A,2,22,0.055,3.08377718085,1692.73723069,2262.73723069,0.314716182032,0.314716182032,0,1,1,0
S003-B-008,S003,B,2,22,0.055,2.65531060434,1450.60966509,2020.60966509,0.336172348915,0.336172348915,0,1,1,0
S003-C-008,S003,C,2,22,0.055,4.86820555219,1560.17771116,2172.17771116,0.391474305976,0.391474305976,0,1,1,0
S003-B-009,S003,B,2,28,0.054,2.93659968364,1450.60966509,2020.60966509,0.265850079091,0.265850079091,0,2,0,0
S003-C-009,S003,C,2,28,0.054,4.97035930047,1560.17771116,2172.17771116,0.378705087441,0.378705087441,0,2,0,0
S003-A-010,S003,A,2,9,0.047,2.86290117263,1692.73723069,2262.73723069,0.363799739415,0.363799739415,1,0,0,1
S003-B-010,S003,B,2,9,0.047,2.33044409871,1450.60966509,2020.60966509,0.417388975322,0.417388975322,1,0,0,1
S003-C-010,S003,C,2,9,0.047,4.70504161128,1560.17771116,2172.17771116,0.41186979859,0.41186979859,1,0,0,1
S003-A-011,S003,A,2,11,0.04,2.88820498028,1692.73723069,2262.73723069,0.35817667105,0.35817667105,1,0,1,0
S003-B-011,S003,B,2,11,0.04,2.36424214178,1450.60966509,2020.60966509,0.408939464554,0.408939464554,1,0,1,0
S003-C-011,S003,C,2,11,0.04,4.72506607569,1560.17771116,2172.17771116,0.409366740539,0.409366740539,1,0,1,0
S003-A-012,S003,A,2,17,0.039,2.98216134432,1692.73723069,2262.73723069,0.337297479041,0.337297479041,1,1,0,0
S003-B-012,S003,B,2,17,0.039,2.49711840215,1450.60966509,2020.60966509,0.375720399462,0.375720399462,1,1,0,0
S003-C-012,S003,C,2,17,0.039,4.79628157711,1560.17771116,2172.17771116,0.400464802861,0.400464802861,1,1,0,0
S003-C-013,S003,C,3,22,0.091,4.86820555219,1560.17771116,2238.17771116,0.391474305976,0.391474305976,0,0,2,1
S003-C-014,S003,C,3,28,0.09,4.97035930047,1560.17771116,2238.17771116,0.378705087441,0.378705087441,0,1,1,1
S003-C-015,S003,C,3,30,0.083,5.00853919576,1560.17771116,2238.17771116,0.373932600529,0.373932600529,0,1,2,0
S003-C-016,S003,C,3,34,0.089,5.0916592868,1560.17771116,2238.17771116,0.363542589149,0.363542589149,0,2,0,1
S003-C-017,S003,C,3,36,0.082,5.13683771841,1560.17771116,2238.17771116,0.357895285199,0.357895285199,0,2,1,0
S003-C-018,S003,C,3,42,0.081,5.28861355939,1560.17771116,2238.17771116,0.338923305076,0.338923305076,0,3,0,0
S003-C-019,S003,C,3,17,0.075,4.79628157711,1560.17771116,2238.17771116,0.400464802861,0.400464802861,1,0,1,1
S003-B-020,S003,B,3,19,0.068,2.55416571955,1450.60966509,2080.60966509,0.361458570112,0.361458570112,1,0,2,0
S003-C-020,S003,C,3,19,0.068,4.823664552,1560.17771116,2238.17771116,0.397041931,0.397041931,1,0,2,0
S003-C-021,S003,C,3,23,0.074,4.88399658451,1560.17771116,2238.17771116,0.389500426936,0.389500426936,1,1,0,1
S003-B-022,S003,B,3,25,0.067,2.78007803433,1450.60966509,2080.60966509,0.304980491419,0.304980491419,1,1,1,0
S003-C-022,S003,C,3,25,0.067,4.91703461846,1560.17771116,2238.17771116,0.385370672693,0.385370672693,1,1,1,0
S003-C-023,S003,C,3,31,0.066,5.02845357126,1560.17771116,2238.17771116,0.371443303592,0.371443303592,1,2,0,0
S003-C-024,S003,C,4,36,0.118,5.13683771841,1560.17771116,2304.17771116,0.357895285199,0.357895285199,0,1,2,1
S003-C-025,S003,C,4,42,0.117,5.28861355939,1560.17771116,2304.17771116,0.338923305076,0.338923305076,0,2,1,1
S003-C-026,S003,C,4,44,0.11,5.34521822271,1560.17771116,2304.17771116,0.331847722161,0.331847722161,0,2,2,0
S003-C-027,S003,C,4,48,0.116,5.46876072422,1560.17771116,2304.17771116,0.316404909473,0.316404909473,0,3,0,1
S003-C-028,S003,C,4,50,0.109,5.53623108284,1560.17771116,2304.17771116,0.307971114645,0.307971114645,0,3,1,0
S003-C-029,S003,C,4,56,0.108,5.76536469517,1560.17771116,2304.17771116,0.279329413103,0.279329413103,0,4,0,0
S003-C-030,S003,C,4,25,0.103,4.91703461846,1560.17771116,2304.17771116,0.385370672693,0.385370672693,1,0,2,1
S003-C-031,S003,C,4,31,0.102,5.02845357126,1560.17771116,2304.17771116,0.371443303592,0.371443303592,1,1,1,1
S003-C-032,S003,C,4,33,0.095,5.06999875089,1560.17771116,2304.17771116,0.366250156139,0.366250156139,1,1,2,0
S003-C-033,S003,C,4,37,0.101,5.16039121761,1560.17771116,2304.17771116,0.354951097799,0.354951097799,1,2,0,1
S003-C-034,S003,C,4,39,0.094,5.20952387582,1560.17771116,2304.17771116,0.348809515522,0.348809515522,1,2,1,0
S003-C-035,S003,C,4,45,0.093,5.37476579004,1560.17771116,2304.17771116,0.328154276245,0.328154276245,1,3,0,0
S003-C-036,S003,C,5,50,0.145,5.53623108284,1560.17771116,2370.17771116,0.307971114645,0.307971114645,0,2,2,1
S003-C-037,S003,C,5,56,0.144,5.76536469517,1560.17771116,2370.17771116,0.279329413103,0.279329413103,0,3,1,1
S003-C-038,S003,C,5,58,0.137,5.851993522,1560.17771116,2370.17771116,0.26850080975,0.26850080975,0,3,2,0
S003-C-039,S003,C,5,62,0.143,6.04363691141,1560.17771116,2370.17771116,0.244545386073,0.244545386073,0,4,0,1
S003-C-040,S003,C,5,64,0.136,6.14990625307,1560.17771116,2370.17771116,0.231261718367,0.231261718367,0,4,1,0
S003-C-041,S003,C,5,39,0.13,5.20952387582,1560.17771116,2370.17771116,0.348809515522,0.348809515522,1,1,2,1
S003-C-042,S003,C,5,45,0.129,5.37476579004,1560.17771116,2370.17771116,0.328154276245,0.328154276245,1,2,1,1
S003-C-043,S003,C,5,47,0.122,5.4365038482,1560.17771116,2370.17771116,0.320437018975,0.320437018975,1,2,2,0
S003-C-044,S003,C,5,51,0.128,5.57152348225,1560.17771116,2370.17771116,0.303559564719,0.303559564719,1,3,0,1
S003-C-045,S003,C,5,53,0.121,5.64543825121,1560.17771116,2370.17771116,0.294320218599,0.294320218599,1,3,1,0
S003-C-046,S003,C,5,59,0.12,5.89749815725,1560.17771116,2370.17771116,0.262812730344,0.262812730344,1,4,0,0
S003-C-047,S003,C,6,64,0.172,6.14990625307,1560.17771116,2436.17771116,0.231261718367,0.231261718367,0,3,2,1
S003-C-048,S003,C,6,70,0.171,6.52013201556,1560.17771116,2436.17771116,0.184983498055,0.184983498055,0,4,1,1
S003-C-049,S003,C,6,72,0.164,6.66412682384,1560.17771116,2436.17771116,0.16698414702,0.16698414702,0,4,2,0
S003-C-050,S003,C,6,53,0.157,5.64543825121,1560.17771116,2436.17771116,0.294320218599,0.294320218599,1,2,2,1
S003-C-051,S003,C,6,59,0.156,5.89749815725,1560.17771116,2436.17771116,0.262812730344,0.262812730344,1,3,1,1
S003-C-052,S003,C,6,61,0.149,5.99324174782,1560.17771116,2436.17771116,0.250844781522,0.250844781522,1,3,2,0
S003-C-053,S003,C,6,65,0.155,6.20597212426,1560.17771116,2436.17771116,0.224253484468,0.224253484468,1,4,0,1
S003-C-054,S003,C,6,67,0.148,6.32449939108,1560.17771116,2436.17771116,0.209437576115,0.209437576115,1,4,1,0
S003-C-055,S003,C,7,78,0.199,7.17778142659,1560.17771116,2502.17771116,0.102777321677,0.102777321677,0,4,2,1
S003-C-056,S003,C,7,67,0.184,6.32449939108,1560.17771116,2502.17771116,0.209437576115,0.209437576115,1,3,2,1
S003-C-057,S003,C,7,73,0.183,6.74070028081,1560.17771116,2502.17771116,0.157412464899,0.157412464899,1,4,1,1
S003-C-058,S003,C,7,75,0.176,6.90398665569,1560.17771116,2502.17771116,0.137001668039,0.137001668039,1,4,2,0
S004-A-001,S004,A,1,6,0.035,2.93352353627,1608.79771824,2118.79771824,0.34810588083,0.34810588083,0,0,0,1
S004-B-001,S004,B,1,6,0.035,2.36259008655,1351.64166337,1861.64166337,0.409352478363,0.409352478363,0,0,0,1
S004-C-001,S004,C,1,6,0.035,4.89667420003,1425.05471881,1971.05471881,0.387915724997,0.387915724997,0,0,0,1
S004-A-002,S004,A,1,8,0.028,2.95429296731,1608.79771824,2118.79771824,0.343490451708,0.343490451708,0,0,1,0
S004-B-002,S004,B,1,8,0.028,2.38982871512,1351.64166337,1861.64166337,0.402542821221,0.402542821221,0,0,1,0
S004-C-002,S004,C,1,8,0.028,4.91329411191,1425.05471881,1971.05471881,0.385838236011,0.385838236011,0,0,1,0
S004-A-003,S004,A,1,14,0.027,3.03530519932,1608.79771824,2118.79771824,0.325487733484,0.325487733484,0,1,0,0
S004-B-003,S004,B,1,14,0.027,2.50125158193,1351.64166337,1861.64166337,0.374687104517,0.374687104517,0,1,0,0
S004-C-003,S004,C,1,14,0.027,4.97572803476,1425.05471881,1971.05471881,0.378033995655,0.378033995655,0,1,0,0
S004-A-004,S004,A,1,3,0.012,2.90865415561,1608.79771824,2118.79771824,0.353632409865,0.353632409865,1,0,0,0
S004-B-004,S004,B,1,3,0.012,2.3307306911,1351.64166337,1861.64166337,0.417317327225,0.417317327225,1,0,0,0
S004-C-004,S004,C,1,3,0.012,4.87637508535,1425.05471881,1971.05471881,0.390453114331,0.390453114331,1,0,0,0
S004-B-005,S004,B,2,14,0.063,2.50125158193,1351.64166337,1921.64166337,0.374687104517,0.374687104517,0,0,1,1
S004-C-005,S004,C,2,14,0.063,4.97572803476,1425.05471881,2037.05471881,0.378033995655,0.378033995655,0,0,1,1
S004-B-006,S004,B,2,20,0.062,2.66831962795,1351.64166337,1921.64166337,0.332920093012,0.332920093012,0,1,0,1
S004-C-006,S004,C,2,20,0.062,5.05575879984,1425.05471881,2037.05471881,0.36803015002,0.36803015002,0,1,0,1
S004-A-007,S004,A,2,22,0.055,3.19106705095,1608.79771824,2178.79771824,0.290873988679,0.290873988679,0,1,1,0
S004-B-007,S004,B,2,22,0.055,2.74088180418,1351.64166337,1921.64166337,0.314779548955,0.314779548955,0,1,1,0
S004-C-007,S004,C,2,22,0.055,5.08634968578,1425.05471881,2037.05471881,0.364206289277,0.364206289277,0,1,1,0
S004-B-008,S004,B,2,28,0.054,3.0353054002,1351.64166337,1921.64166337,0.24117364995,0.24117364995,0,2,0,0
S004-C-008,S004,C,2,28,0.054,5.19051929359,1425.05471881,2037.05471881,0.351185088301,0.351185088301,0,2,0,0
S004-A-009,S004,A,2,9,0.047,2.96585171939,1608.79771824,2178.79771824,0.340921840136,0.340921840136,1,0,0,1
S004-B-009,S004,B,2,9,0.047,2.40522144341,1351.64166337,1921.64166337,0.398694639149,0.398694639149,1,0,0,1
S004-C-009,S004,C,2,9,0.047,4.92242852167,1425.05471881,2037.05471881,0.384696434792,0.384696434792,1,0,0,1
S004-A-010,S004,A,2,11,0.04,2.99128453982,1608.79771824,2178.79771824,0.335270102263,0.335270102263,1,0,1,0
S004-B-010,S004,B,2,11,0.04,2.43967572352,1351.64166337,1921.64166337,0.39008106912,0.39008106912,1,0,1,0
S004-C-010,S004,C,2,11,0.04,4.94225431806,1425.05471881,2037.05471881,0.382218210242,0.382218210242,1,0,1,0
S004-A-011,S004,A,2,17,0.039,3.08674796423,1608.79771824,2178.79771824,0.314056007948,0.314056007948,1,1,0,0
S004-B-011,S004,B,2,17,0.039,2.57647474296,1351.64166337,1921.64166337,0.355881314261,0.355881314261,1,1,0,0
S004-C-011,S004,C,2,17,0.039,5.01356538915,1425.05471881,2037.05471881,0.373304326357,0.373304326357,1,1,0,0
S004-C-012,S004,C,3,28,0.09,5.19051929359,1425.05471881,2103.05471881,0.351185088301,0.351185088301,0,1,1,1
S004-C-013,S004,C,3,34,0.089,5.31502351729,1425.05471881,2103.05471881,0.335622060339,0.335622060339,0,2,0,1
S004-C-014,S004,C,3,36,0.082,5.36156454932,1425.05471881,2103.05471881,0.329804431335,0.329804431335,0,2,1,0
S004-C-015,S004,C,3,42,0.081,5.51843621756,1425.05471881,2103.05471881,0.310195472805,0.310195472805,0,3,0,0
S004-C-016,S004,C,3,17,0.075,5.01356538915,1425.05471881,2103.05471881,0.373304326357,0.373304326357,1,0,1,1
S004-C-017,S004,C,3,23,0.074,5.10240006542,1425.05471881,2103.05471881,0.362199991822,0.362199991822,1,1,0,1
S004-B-018,S004,B,3,25,0.067,2.87123102451,1351.64166337,1981.64166337,0.282192243873,0.282192243873,1,1,1,0
S004-C-018,S004,C,3,25,0.067,5.1360471638,1425.05471881,2103.05471881,0.357994104525,0.357994104525,1,1,1,0
S004-C-019,S004,C,3,31,0.066,5.25005705327,1425.05471881,2103.05471881,0.343742868341,0.343742868341,1,2,0,0
S004-C-020,S004,C,4,42,0.117,5.51843621756,1425.05471881,2169.05471881,0.310195472805,0.310195472805,0,2,1,1
S004-C-021,S004,C,4,48,0.116,5.70544017451,1425.05471881,2169.05471881,0.286819978187,0.286819978187,0,3,0,1
S004-C-022,S004,C,4,50,0.109,5.77565675952,1425.05471881,2169.05471881,0.27804290506,0.27804290506,0,3,1,0
S004-C-023,S004,C,4,31,0.102,5.25005705327,1425.05471881,2169.05471881,0.343742868341,0.343742868341,1,1,1,1
S004-C-024,S004,C,4,37,0.101,5.38585920034,1425.05471881,2169.05471881,0.326767599958,0.326767599958,1,2,0,1
S004-C-025,S004,C,4,39,0.094,5.43659989181,1425.05471881,2169.05471881,0.320425013524,0.320425013524,1,2,1,0
S004-C-026,S004,C,4,45,0.093,5.60777345194,1425.05471881,2169.05471881,0.299028318508,0.299028318508,1,3,0,0
S004-C-027,S004,C,5,56,0.144,6.01468767817,1425.05471881,2235.05471881,0.248164040229,0.248164040229,0,3,1,1
S004-C-028,S004,C,5,45,0.129,5.60777345194,1425.05471881,2235.05471881,0.299028318508,0.299028318508,1,2,1,1
S004-C-029,S004,C,5,51,0.128,5.8124189264,1425.05471881,2235.05471881,0.2734476342,0.2734476342,1,3,0,1
S004-C-030,S004,C,5,53,0.121,5.88947991649,1425.05471881,2235.05471881,0.263815010438,0.263815010438,1,3,1,0
S004-C-031,S004,C,6,59,0.156,6.15286012898,1425.05471881,2301.05471881,0.230892483877,0.230892483877,1,3,1,1
S005-A-001,S005,A,1,6,0.035,2.01584345784,1122.18819826,1632.18819826,0.552034787146,0.552034787146,0,0,0,1
S005-B-001,S005,B,1,6,0.035,1.62450595546,946.168419293,1456.16841929,0.593873511136,0.593873511136,0,0,0,1
S005-C-001,S005,C,1,6,0.035,3.35958222969,1001.18871553,1547.18871553,0.580052221288,0.580052221288,0,0,0,1
S005-A-002,S005,A,1,8,0.028,2.03016223124,1122.18819826,1632.18819826,0.548852837503,0.548852837503,0,0,1,0
S005-B-002,S005,B,1,8,0.028,1.64325280549,946.168419293,1456.16841929,0.589186798629,0.589186798629,0,0,1,0
S005-C-002,S005,C,1,8,0.028,3.37106071435,1001.18871553,1547.18871553,0.578617410706,0.578617410706,0,0,1,0
S005-A-003,S005,A,1,14,0.027,2.08592114006,1122.18819826,1632.18819826,0.536461968875,0.536461968875,0,1,0,0
S005-B-003,S005,B,1,14,0.027,1.71982737513,946.168419293,1456.16841929,0.570043156217,0.570043156217,0,1,0,0
S005-C-003,S005,C,1,14,0.027,3.41410302635,1001.18871553,1547.18871553,0.573237121706,0.573237121706,0,1,0,0
S005-A-004,S005,A,1,3,0.012,1.99866713348,1122.18819826,1632.18819826,0.555851748115,0.555851748115,1,0,0,0
S005-B-004,S005,B,1,3,0.012,1.60254506221,946.168419293,1456.16841929,0.599363734446,0.599363734446,1,0,0,0
S005-C-004,S005,C,1,3,0.012,3.34553418948,1001.18871553,1547.18871553,0.581808226316,0.581808226316,1,0,0,0
S005-B-005,S005,B,2,14,0.063,1.71982737513,946.168419293,1516.16841929,0.570043156217,0.570043156217,0,0,1,1
S005-C-005,S005,C,2,14,0.063,3.41410302635,1001.18871553,1613.18871553,0.573237121706,0.573237121706,0,0,1,1
S005-B-006,S005,B,2,20,0.062,1.83449030381,946.168419293,1516.16841929,0.541377424047,0.541377424047,0,1,0,1
S005-C-006,S005,C,2,20,0.062,3.46919013458,1001.18871553,1613.18871553,0.566351233178,0.566351233178,0,1,0,1
S005-A-007,S005,A,2,22,0.055,2.19294751814,1122.18819826,1692.18819826,0.512678329301,0.512678329301,0,1,1,0
S005-B-007,S005,B,2,22,0.055,1.88426049819,946.168419293,1516.16841929,0.528934875453,0.528934875453,0,1,1,0
S005-C-007,S005,C,2,22,0.055,3.49023155863,1001.18871553,1613.18871553,0.563721055172,0.563721055172,0,1,1,0
S005-B-008,S005,B,2,28,0.054,2.08609654738,946.168419293,1516.16841929,0.478475863156,0.478475863156,0,2,0,0
S005-C-008,S005,C,2,28,0.054,3.56184137235,1001.18871553,1613.18871553,0.554769828456,0.554769828456,0,2,0,0
S005-A-009,S005,A,2,9,0.047,2.03812522979,1122.18819826,1692.18819826,0.547083282269,0.547083282269,1,0,0,1
S005-B-009,S005,B,2,9,0.047,1.65384010797,946.168419293,1516.16841929,0.586539973008,0.586539973008,1,0,0,1
S005-C-009,S005,C,2,9,0.047,3.37736428397,1001.18871553,1613.18871553,0.577829464504,0.577829464504,1,0,0,1
S005-A-010,S005,A,2,11,0.04,2.05563602901,1122.18819826,1692.18819826,0.543191993552,0.543191993552,1,0,1,0
S005-B-010,S005,B,2,11,0.04,1.67752597214,946.168419293,1516.16841929,0.580618506966,0.580618506966,1,0,1,0
S005-C-010,S005,C,2,11,0.04,3.39103715244,1001.18871553,1613.18871553,0.576120355945,0.576120355945,1,0,1,0
S005-A-011,S005,A,2,17,0.039,2.12128658007,1122.18819826,1692.18819826,0.528602982206,0.528602982206,1,1,0,0
S005-B-011,S005,B,2,17,0.039,1.77147016887,946.168419293,1516.16841929,0.557132457783,0.557132457783,1,1,0,0
S005-C-011,S005,C,2,17,0.039,3.44015575018,1001.18871553,1613.18871553,0.569980531227,0.569980531227,1,1,0,0
S005-C-012,S005,C,3,28,0.09,3.56184137235,1001.18871553,1679.18871553,0.554769828456,0.554769828456,0,1,1,1
S005-C-013,S005,C,3,34,0.089,3.64736995067,1001.18871553,1679.18871553,0.544078756166,0.544078756166,0,2,0,1
S005-C-014,S005,C,3,36,0.082,3.67932903011,1001.18871553,1679.18871553,0.540083871236,0.540083871236,0,2,1,0
S005-C-015,S005,C,3,42,0.081,3.78701267859,1001.18871553,1679.18871553,0.526623415177,0.526623415177,0,3,0,0
S005-C-016,S005,C,3,17,0.075,3.44015575018,1001.18871553,1679.18871553,0.569980531227,0.569980531227,1,0,1,1
S005-C-017,S005,C,3,23,0.074,3.5012690144,1001.18871553,1679.18871553,0.5623413732,0.5623413732,1,1,0,1
S005-B-018,S005,B,3,25,0.067,1.97363632053,946.168419293,1576.16841929,0.506590919869,0.506590919869,1,1,1,0
S005-C-018,S005,C,3,25,0.067,3.52440237379,1001.18871553,1679.18871553,0.559449703277,0.559449703277,1,1,1,0
S005-C-019,S005,C,3,31,0.066,3.60274772482,1001.18871553,1679.18871553,0.549656534397,0.549656534397,1,2,0,0
S005-C-020,S005,C,4,42,0.117,3.78701267859,1001.18871553,1745.18871553,0.526623415177,0.526623415177,0,2,1,1
S005-C-021,S005,C,4,48,0.116,3.91532146381,1001.18871553,1745.18871553,0.510584817024,0.510584817024,0,3,0,1
S005-C-022,S005,C,4,50,0.109,3.96348613329,1001.18871553,1745.18871553,0.504564233338,0.504564233338,0,3,1,0
S005-C-023,S005,C,4,31,0.102,3.60274772482,1001.18871553,1745.18871553,0.549656534397,0.549656534397,1,1,1,1
S005-C-024,S005,C,4,37,0.101,3.69600957614,1001.18871553,1745.18871553,0.537998802982,0.537998802982,1,2,0,1
S005-C-025,S005,C,4,39,0.094,3.73084326464,1001.18871553,1745.18871553,0.533644591919,0.533644591919,1,2,1,0
S005-C-026,S005,C,4,45,0.093,3.8483163612,1001.18871553,1745.18871553,0.51896045485,0.51896045485,1,3,0,0
S005-C-027,S005,C,5,56,0.144,4.12740665748,1001.18871553,1811.18871553,0.484074167815,0.484074167815,0,3,1,1
S005-C-028,S005,C,5,45,0.129,3.8483163612,1001.18871553,1811.18871553,0.51896045485,0.51896045485,1,2,1,1
S005-C-029,S005,C,5,51,0.128,3.98870052228,1001.18871553,1811.18871553,0.501412434716,0.501412434716,1,3,0,1
S005-C-030,S005,C,5,53,0.121,4.0415500928,1001.18871553,1811.18871553,0.4948062384,0.4948062384,1,3,1,0
S005-C-031,S005,C,6,59,0.156,4.22213737338,1001.18871553,1877.18871553,0.472232828328,0.472232828328,1,3,1,1
S006-A-001,S006,A,1,6,0.035,1.24297743415,743.476639757,1253.47663976,0.723782792411,0.723782792411,0,0,0,1
S006-B-001,S006,B,1,6,0.035,1.00514048789,637.270011357,1147.27001136,0.748714878027,0.748714878027,0,0,0,1
S006-C-001,S006,C,1,6,0.035,2.05372687291,685.552624484,1231.55262448,0.743284140886,0.743284140886,0,0,0,1
S006-A-002,S006,A,1,8,0.028,1.25251375242,743.476639757,1253.47663976,0.721663610573,0.721663610573,0,0,1,0
S006-B-002,S006,B,1,8,0.028,1.01734861437,637.270011357,1147.27001136,0.745662846407,0.745662846407,0,0,1,0
S006-C-002,S006,C,1,8,0.028,2.06154942077,685.552624484,1231.55262448,0.742306322404,0.742306322404,0,0,1,0
S006-A-003,S006,A,1,14,0.027,1.28884751966,743.476639757,1253.47663976,0.713589440076,0.713589440076,0,1,0,0
S006-B-003,S006,B,1,14,0.027,1.06624211306,637.270011357,1147.27001136,0.733439471735,0.733439471735,0,1,0,0
S006-C-003,S006,C,1,14,0.027,2.09021026124,685.552624484,1231.55262448,0.738723717345,0.738723717345,0,1,0,0
S006-A-004,S006,A,1,3,0.012,1.23126859384,743.476639757,1253.47663976,0.726384756924,0.726384756924,1,0,0,0
S006-B-004,S006,B,1,3,0.012,0.990544739466,637.270011357,1147.27001136,0.752363815133,0.752363815133,1,0,0,0
S006-C-004,S006,C,1,3,0.012,2.04390557339,685.552624484,1231.55262448,0.744511803327,0.744511803327,1,0,0,0
S006-B-005,S006,B,2,14,0.063,1.06624211306,637.270011357,1207.27001136,0.733439471735,0.733439471735,0,0,1,1
S006-C-005,S006,C,2,14,0.063,2.09021026124,685.552624484,1297.55262448,0.738723717345,0.738723717345,0,0,1,1
S006-B-006,S006,B,2,20,0.062,1.13811732561,637.270011357,1207.27001136,0.715470668599,0.715470668599,0,1,0,1
S006-C-006,S006,C,2,20,0.062,2.12613867814,685.552624484,1297.55262448,0.734232665233,0.734232665233,0,1,0,1
S006-A-007,S006,A,2,22,0.055,1.35701167027,743.476639757,1313.47663976,0.698441851051,0.698441851051,0,1,1,0
S006-B-007,S006,B,2,22,0.055,1.16904428484,637.270011357,1207.27001136,0.707738928789,0.707738928789,0,1,1,0
S006-C-007,S006,C,2,22,0.055,2.13973130226,685.552624484,1297.55262448,0.732533587217,0.732533587217,0,1,1,0
S006-B-008,S006,B,2,28,0.054,1.29351792281,637.270011357,1207.27001136,0.676620519297,0.676620519297,0,2,0,0
S006-C-008,S006,C,2,28,0.054,2.18562917176,685.552624484,1297.55262448,0.72679635353,0.72679635353,0,2,0,0
S006-A-009,S006,A,2,9,0.047,1.25776679403,743.476639757,1313.47663976,0.720496267993,0.720496267993,1,0,0,1
S006-B-009,S006,B,2,9,0.047,1.02418510572,637.270011357,1207.27001136,0.743953723571,0.743953723571,1,0,0,1
S006-C-009,S006,C,2,9,0.047,2.0658011979,685.552624484,1297.55262448,0.741774850263,0.741774850263,1,0,0,1
S006-A-010,S006,A,2,11,0.04,1.26922911348,743.476639757,1313.47663976,0.717949085893,0.717949085893,1,0,1,0
S006-B-010,S006,B,2,11,0.04,1.03937332933,637.270011357,1207.27001136,0.740156667668,0.740156667668,1,0,1,0
S006-C-010,S006,C,2,11,0.04,2.07494779074,685.552624484,1297.55262448,0.740631526158,0.740631526158,1,0,1,0
S006-A-011,S006,A,2,17,0.039,1.31153128936,743.476639757,1313.47663976,0.708548602364,0.708548602364,1,1,0,0
S006-B-011,S006,B,2,17,0.039,1.09874729527,637.270011357,1207.27001136,0.725313176183,0.725313176183,1,1,0,0
S006-C-011,S006,C,2,17,0.039,2.10727493408,685.552624484,1297.55262448,0.73659063324,0.73659063324,1,1,0,0
S006-C-012,S006,C,3,28,0.09,2.18562917176,685.552624484,1363.55262448,0.72679635353,0.72679635353,0,1,1,1
S006-C-013,S006,C,3,34,0.089,2.23992533075,685.552624484,1363.55262448,0.720009333656,0.720009333656,0,2,0,1
S006-C-014,S006,C,3,36,0.082,2.26010543826,685.552624484,1363.55262448,0.717486820217,0.717486820217,0,2,1,0
S006-C-015,S006,C,3,42,0.081,2.32776950009,685.552624484,1363.55262448,0.709028812489,0.709028812489,0,3,0,0
S006-C-016,S006,C,3,17,0.075,2.10727493408,685.552624484,1363.55262448,0.73659063324,0.73659063324,1,0,1,1
S006-C-017,S006,C,3,23,0.074,2.14683940663,685.552624484,1363.55262448,0.731645074172,0.731645074172,1,1,0,1
S006-B-018,S006,B,3,25,0.067,1.22431678202,637.270011357,1267.27001136,0.693920804496,0.693920804496,1,1,1,0
S006-C-018,S006,C,3,25,0.067,2.16169426049,685.552624484,1363.55262448,0.729788217439,0.729788217439,1,1,1,0
S006-C-019,S006,C,3,31,0.066,2.21165621138,685.552624484,1363.55262448,0.723542973578,0.723542973578,1,2,0,0
S006-C-020,S006,C,4,42,0.117,2.32776950009,685.552624484,1429.55262448,0.709028812489,0.709028812489,0,2,1,1
S006-C-021,S006,C,4,48,0.116,2.40787833515,685.552624484,1429.55262448,0.699015208106,0.699015208106,0,3,0,1
S006-C-022,S006,C,4,50,0.109,2.43783655447,685.552624484,1429.55262448,0.695270430691,0.695270430691,0,3,1,0
S006-C-023,S006,C,4,31,0.102,2.21165621138,685.552624484,1429.55262448,0.723542973578,0.723542973578,1,1,1,1
S006-C-024,S006,C,4,37,0.101,2.27061846446,685.552624484,1429.55262448,0.716172691942,0.716172691942,1,2,0,1
S006-C-025,S006,C,4,39,0.094,2.29253305056,685.552624484,1429.55262448,0.71343336868,0.71343336868,1,2,1,0
S006-C-026,S006,C,4,45,0.093,2.36610385923,685.552624484,1429.55262448,0.704237017596,0.704237017596,1,3,0,0
S006-C-027,S006,C,5,56,0.144,2.539432763,685.552624484,1495.55262448,0.682570904625,0.682570904625,0,3,1,1
S006-C-028,S006,C,5,45,0.129,2.36610385923,685.552624484,1495.55262448,0.704237017596,0.704237017596,1,2,1,1
S006-C-029,S006,C,5,51,0.128,2.45349872183,685.552624484,1495.55262448,0.693312659772,0.693312659772,1,3,0,1
S006-C-030,S006,C,5,53,0.121,2.48628371179,685.552624484,1495.55262448,0.689214536026,0.689214536026,1,3,1,0
S006-C-031,S006,C,6,59,0.156,2.59793629019,685.552624484,1561.55262448,0.675257963726,0.675257963726,1,3,1,1
S007-A-001,S007,A,1,6,0.035,1.80594307171,1157.46688583,1667.46688583,0.598679317398,0.598679317398,0,0,0,1
S007-B-001,S007,B,1,6,0.035,1.46488248385,1006.30964,1516.30964,0.633779379037,0.633779379037,0,0,0,1
S007-C-001,S007,C,1,6,0.035,2.95978075325,1097.60069833,1643.60069833,0.630027405844,0.630027405844,0,0,0,1
S007-A-002,S007,A,1,8,0.028,1.81985584706,1157.46688583,1667.46688583,0.595587589543,0.595587589543,0,0,1,0
S007-B-002,S007,B,1,8,0.028,1.48259787657,1006.30964,1516.30964,0.629350530859,0.629350530859,0,0,1,0
S007-C-002,S007,C,1,8,0.028,2.97125442644,1097.60069833,1643.60069833,0.628593196695,0.628593196695,0,0,1,0
S007-A-003,S007,A,1,14,0.027,1.87258841505,1157.46688583,1667.46688583,0.5838692411,0.5838692411,0,1,0,0
S007-B-003,S007,B,1,14,0.027,1.55320592411,1006.30964,1516.30964,0.611698518972,0.611698518972,0,1,0,0
S007-C-003,S007,C,1,14,0.027,3.01306659808,1097.60069833,1643.60069833,0.623366675241,0.623366675241,0,1,0,0
S007-A-004,S007,A,1,3,0.012,1.78876811649,1157.46688583,1667.46688583,0.602495974113,0.602495974113,1,0,0,0
S007-B-004,S007,B,1,3,0.012,1.44359877302,1006.30964,1516.30964,0.639100306744,0.639100306744,1,0,0,0
S007-C-004,S007,C,1,3,0.012,2.94529221667,1097.60069833,1643.60069833,0.631838472916,0.631838472916,1,0,0,0
S007-B-005,S007,B,2,14,0.063,1.55320592411,1006.30964,1576.30964,0.611698518972,0.611698518972,0,0,1,1
S007-C-005,S007,C,2,14,0.063,3.01306659808,1097.60069833,1709.60069833,0.623366675241,0.623366675241,0,0,1,1
S007-B-006,S007,B,2,20,0.062,1.65652240638,1006.30964,1576.30964,0.585869398405,0.585869398405,0,1,0,1
S007-C-006,S007,C,2,20,0.062,3.06522225631,1097.60069833,1709.60069833,0.616847217961,0.616847217961,0,1,0,1
S007-A-007,S007,A,2,22,0.055,1.97096350567,1157.46688583,1727.46688583,0.56200810985,0.56200810985,0,1,1,0
S007-B-007,S007,B,2,22,0.055,1.70087914199,1006.30964,1576.30964,0.574780214503,0.574780214503,0,1,1,0
S007-C-007,S007,C,2,22,0.055,3.08490811786,1097.60069833,1709.60069833,0.614386485268,0.614386485268,0,1,1,0
S007-B-008,S007,B,2,28,0.054,1.87905567058,1006.30964,1576.30964,0.530236082356,0.530236082356,0,2,0,0
S007-C-008,S007,C,2,28,0.054,3.1512526739,1097.60069833,1709.60069833,0.606093415762,0.606093415762,0,2,0,0
S007-A-009,S007,A,2,9,0.047,1.8275023376,1157.46688583,1727.46688583,0.593888369422,0.593888369422,1,0,0,1
S007-B-009,S007,B,2,9,0.047,1.492497992,1006.30964,1576.30964,0.626875502001,0.626875502001,1,0,0,1
S007-C-009,S007,C,2,9,0.047,2.97747587993,1097.60069833,1709.60069833,0.627815515009,0.627815515009,1,0,0,1
S007-A-010,S007,A,2,11,0.04,1.84415626985,1157.46688583,1727.46688583,0.590187495588,0.590187495588,1,0,1,0
S007-B-010,S007,B,2,11,0.04,1.51445477041,1006.30964,1576.30964,0.621386307397,0.621386307397,1,0,1,0
S007-C-010,S007,C,2,11,0.04,2.99083398346,1097.60069833,1709.60069833,0.626145752067,0.626145752067,1,0,1,0
S007-A-011,S007,A,2,17,0.039,1.90538330026,1157.46688583,1727.46688583,0.576581488831,0.576581488831,1,1,0,0
S007-B-011,S007,B,2,17,0.039,1.59997901094,1006.30964,1576.30964,0.600005247265,0.600005247265,1,1,0,0
S007-C-011,S007,C,2,17,0.039,3.03786417448,1097.60069833,1709.60069833,0.62026697819,0.62026697819,1,1,0,0
S007-C-012,S007,C,3,28,0.09,3.1512526739,1097.60069833,1775.60069833,0.606093415762,0.606093415762,0,1,1,1
S007-C-013,S007,C,3,34,0.089,3.22954998967,1097.60069833,1775.60069833,0.596306251292,0.596306251292,0,2,0,1
S007-C-014,S007,C,3,36,0.082,3.25861140395,1097.60069833,1775.60069833,0.592673574506,0.592673574506,0,2,1,0
S007-C-015,S007,C,3,17,0.075,3.03786417448,1097.60069833,1775.60069833,0.62026697819,0.62026697819,1,0,1,1
S007-C-016,S007,C,3,23,0.074,3.0951948031,1097.60069833,1775.60069833,0.613100649613,0.613100649613,1,1,0,1
S007-B-017,S007,B,3,25,0.067,1.780055523,1006.30964,1636.30964,0.554986119249,0.554986119249,1,1,1,0
S007-C-017,S007,C,3,25,0.067,3.11667711721,1097.60069833,1775.60069833,0.610415360348,0.610415360348,1,1,1,0
S007-C-018,S007,C,3,31,0.066,3.1888058259,1097.60069833,1775.60069833,0.601399271762,0.601399271762,1,2,0,0
S007-C-019,S007,C,4,42,0.117,3.355934419,1097.60069833,1841.60069833,0.580508197624,0.580508197624,0,2,1,1
S007-C-020,S007,C,4,31,0.102,3.1888058259,1097.60069833,1841.60069833,0.601399271762,0.601399271762,1,1,1,1
S007-C-021,S007,C,4,37,0.101,3.2737441013,1097.60069833,1841.60069833,0.590781987338,0.590781987338,1,2,0,1
S007-C-022,S007,C,4,39,0.094,3.30527409037,1097.60069833,1841.60069833,0.586840738704,0.586840738704,1,2,1,0
S007-C-023,S007,C,5,45,0.129,3.41100380846,1097.60069833,1907.60069833,0.573624523942,0.573624523942,1,2,1,1
S008-A-001,S008,A,1,6,0.035,3.04102367564,1601.14542887,2111.14542887,0.32421696097,0.32421696097,0,0,0,1
S008-B-001,S008,B,1,6,0.035,2.44527809892,1331.84174724,1841.84174724,0.38868047527,0.38868047527,0,0,0,1
S008-C-001,S008,C,1,6,0.035,5.09695348674,1389.71152467,1935.71152467,0.362880814157,0.362880814157,0,0,0,1
S008-A-002,S008,A,1,8,0.028,3.06248584984,1601.14542887,2111.14542887,0.319447588925,0.319447588925,0,0,1,0
S008-B-002,S008,B,1,8,0.028,2.47351506483,1331.84174724,1841.84174724,0.381621233791,0.381621233791,0,0,1,0
S008-C-002,S008,C,1,8,0.028,5.11407012535,1389.71152467,1935.71152467,0.360741234331,0.360741234331,0,0,1,0
S008-A-003,S008,A,1,14,0.027,3.14645985445,1601.14542887,2111.14542887,0.300786699011,0.300786699011,0,1,0,0
S008-B-003,S008,B,1,14,0.027,2.58933625235,1331.84174724,1841.84174724,0.352665936912,0.352665936912,0,1,0,0
S008-C-003,S008,C,1,14,0.027,5.17858821221,1389.71152467,1935.71152467,0.352676473474,0.352676473474,0,1,0,0
S008-A-004,S008,A,1,3,0.012,3.01541206219,1601.14542887,2111.14542887,0.329908430623,0.329908430623,1,0,0,0
S008-B-004,S008,B,1,3,0.012,2.41234627395,1331.84174724,1841.84174724,0.396913431513,0.396913431513,1,0,0,0
S008-C-004,S008,C,1,3,0.012,5.07612803109,1389.71152467,1935.71152467,0.365483996114,0.365483996114,1,0,0,0
S008-B-005,S008,B,2,14,0.063,2.58933625235,1331.84174724,1901.84174724,0.352665936912,0.352665936912,0,0,1,1
S008-C-005,S008,C,2,14,0.063,5.17858821221,1389.71152467,2001.71152467,0.352676473474,0.352676473474,0,0,1,1
S008-B-006,S008,B,2,20,0.062,2.76343120532,1331.84174724,1901.84174724,0.309142198671,0.309142198671,0,1,0,1
S008-C-006,S008,C,2,20,0.062,5.26153438702,1389.71152467,2001.71152467,0.342308201622,0.342308201622,0,1,0,1
S008-A-007,S008,A,2,22,0.055,3.30842615667,1601.14542887,2171.14542887,0.264794187406,0.264794187406,0,1,1,0
S008-B-007,S008,B,2,22,0.055,2.83913272833,1331.84174724,1901.84174724,0.290216817918,0.290216817918,0,1,1,0
S008-C-007,S008,C,2,22,0.055,5.29328196541,1389.71152467,2001.71152467,0.338339754324,0.338339754324,0,1,1,0
S008-B-008,S008,B,2,28,0.054,3.14659929687,1331.84174724,1901.84174724,0.213350175783,0.213350175783,0,2,0,0
S008-C-008,S008,C,2,28,0.054,5.40150726196,1389.71152467,2001.71152467,0.324811592256,0.324811592256,0,2,0,0
S008-A-009,S008,A,2,9,0.047,3.07444643303,1601.14542887,2171.14542887,0.316789681548,0.316789681548,1,0,0,1
S008-B-009,S008,B,2,9,0.047,2.48949073494,1331.84174724,1901.84174724,0.377627316265,0.377627316265,1,0,0,1
S008-C-009,S008,C,2,9,0.047,5.12349184431,1389.71152467,2001.71152467,0.359563519461,0.359563519461,1,0,0,1
S008-A-010,S008,A,2,11,0.04,3.10079228742,1601.14542887,2171.14542887,0.31093504724,0.31093504724,1,0,1,0
S008-B-010,S008,B,2,11,0.04,2.52528420785,1331.84174724,1901.84174724,0.368678948038,0.368678948038,1,0,1,0
S008-C-010,S008,C,2,11,0.04,5.14396580812,1389.71152467,2001.71152467,0.357004273985,0.357004273985,1,0,1,0
S008-A-011,S008,A,2,17,0.039,3.19990013487,1601.14542887,2171.14542887,0.28891108114,0.28891108114,1,1,0,0
S008-B-011,S008,B,2,17,0.039,2.66768027547,1331.84174724,1901.84174724,0.333079931132,0.333079931132,1,1,0,0
S008-C-011,S008,C,2,17,0.039,5.21778038501,1389.71152467,2001.71152467,0.347777451873,0.347777451873,1,1,0,0
S008-C-012,S008,C,3,28,0.09,5.40150726196,1389.71152467,2067.71152467,0.324811592256,0.324811592256,0,1,1,1
S008-C-013,S008,C,3,34,0.089,5.53102774802,1389.71152467,2067.71152467,0.308621531497,0.308621531497,0,2,0,1
S008-C-014,S008,C,3,36,0.082,5.57947893102,1389.71152467,2067.71152467,0.302565133623,0.302565133623,0,2,1,0
S008-C-015,S008,C,3,17,0.075,5.21778038501,1389.71152467,2067.71152467,0.347777451873,0.347777451873,1,0,1,1
S008-C-016,S008,C,3,23,0.074,5.30994635322,1389.71152467,2067.71152467,0.336256705847,0.336256705847,1,1,0,1
S008-B-017,S008,B,3,25,0.067,2.97520687463,1331.84174724,1961.84174724,0.256198281342,0.256198281342,1,1,1,0
S008-C-017,S008,C,3,25,0.067,5.34489451447,1389.71152467,2067.71152467,0.331888185692,0.331888185692,1,1,1,0
S008-C-018,S008,C,3,31,0.066,5.46342493131,1389.71152467,2067.71152467,0.317071883587,0.317071883587,1,2,0,0
S008-C-019,S008,C,4,42,0.117,5.74289584618,1389.71152467,2133.71152467,0.282138019228,0.282138019228,0,2,1,1
S008-C-020,S008,C,4,31,0.102,5.46342493131,1389.71152467,2133.71152467,0.317071883587,0.317071883587,1,1,1,1
S008-C-021,S008,C,4,37,0.101,5.60477703596,1389.71152467,2133.71152467,0.299402870505,0.299402870505,1,2,0,1
S008-C-022,S008,C,4,39,0.094,5.65762626336,1389.71152467,2133.71152467,0.29279671708,0.29279671708,1,2,1,0
S008-C-023,S008,C,5,45,0.129,5.83602066813,1389.71152467,2199.71152467,0.270497416483,0.270497416483,1,2,1,1
S009-A-001,S009,A,1,8,0.028,2.15807996022,1118.63964598,1628.63964598,0.520426675507,0.520426675507,0,0,1,0
S009-B-001,S009,B,1,8,0.028,1.74247178877,928.462864417,1438.46286442,0.564382052809,0.564382052809,0,0,1,0
S009-C-001,S009,C,1,8,0.028,3.60687326084,966.589168542,1512.58916854,0.549140842395,0.549140842395,0,0,1,0
S009-A-002,S009,A,1,14,0.027,2.21720742208,1118.63964598,1628.63964598,0.507287239537,0.507287239537,0,1,0,0
S009-B-002,S009,B,1,14,0.027,1.82408908333,928.462864417,1438.46286442,0.543977729167,0.543977729167,0,1,0,0
S009-C-002,S009,C,1,14,0.027,3.65226134938,966.589168542,1512.58916854,0.543467331328,0.543467331328,0,1,0,0
S009-A-003,S009,A,1,3,0.012,2.12498180227,1118.63964598,1628.63964598,0.527781821718,0.527781821718,1,0,0,0
S009-B-003,S009,B,1,3,0.012,1.69942002626,928.462864417,1438.46286442,0.575144993435,0.575144993435,1,0,0,0
S009-C-003,S009,C,1,3,0.012,3.58022371899,966.589168542,1512.58916854,0.552472035126,0.552472035126,1,0,0,0
S009-A-004,S009,A,2,22,0.055,2.33135370062,1118.63964598,1688.63964598,0.481921399861,0.481921399861,0,1,1,0
S009-B-004,S009,B,2,22,0.055,2.00025924387,928.462864417,1498.46286442,0.499935189034,0.499935189034,0,1,1,0
S009-C-004,S009,C,2,22,0.055,3.73302471545,966.589168542,1578.58916854,0.533371910569,0.533371910569,0,1,1,0
S009-A-005,S009,A,2,11,0.04,2.18504455122,1118.63964598,1688.63964598,0.514434544174,0.514434544174,1,0,1,0
S009-B-005,S009,B,2,11,0.04,1.77894346847,928.462864417,1498.46286442,0.555264132883,0.555264132883,1,0,1,0
S009-C-005,S009,C,2,11,0.04,3.62789834789,966.589168542,1578.58916854,0.546512706514,0.546512706514,1,0,1,0
S009-A-006,S009,A,2,17,0.039,2.25485922503,1118.63964598,1688.63964598,0.498920172216,0.498920172216,1,1,0,0
S009-B-006,S009,B,2,17,0.039,1.87932740276,928.462864417,1498.46286442,0.53016814931,0.53016814931,1,1,0,0
S009-C-006,S009,C,2,17,0.039,3.67985142857,966.589168542,1578.58916854,0.540018571429,0.540018571429,1,1,0,0
S009-B-007,S009,B,3,25,0.067,2.09626540189,928.462864417,1558.46286442,0.475933649528,0.475933649528,1,1,1,0
S009-C-007,S009,C,3,25,0.067,3.76938581169,966.589168542,1644.58916854,0.528826773539,0.528826773539,1,1,1,0
S010-A-001,S010,A,1,8,0.028,1.8679649735,1084.89266991,1594.89266991,0.584896672556,0.584896672556,0,0,1,0
S010-B-001,S010,B,1,8,0.028,1.51563501938,925.403519709,1435.40351971,0.621091245154,0.621091245154,0,0,1,0
S010-C-001,S010,C,1,8,0.028,3.08289989234,990.732364916,1536.73236492,0.614637513457,0.614637513457,0,0,1,0
S010-A-002,S010,A,1,14,0.027,1.92139048473,1084.89266991,1594.89266991,0.573024336727,0.573024336727,0,1,0,0
S010-B-002,S010,B,1,14,0.027,1.58792132044,925.403519709,1435.40351971,0.603019669891,0.603019669891,0,1,0,0
S010-C-002,S010,C,1,14,0.027,3.12480306652,990.732364916,1536.73236492,0.609399616685,0.609399616685,0,1,0,0
S010-A-003,S010,A,1,3,0.012,1.8370084271,1084.89266991,1594.89266991,0.591775905089,0.591775905089,1,0,0,0
S010-B-003,S010,B,1,3,0.012,1.47633101901,925.403519709,1435.40351971,0.630917245248,0.630917245248,1,0,0,0
S010-C-003,S010,C,1,3,0.012,3.05735138941,990.732364916,1536.73236492,0.617831076323,0.617831076323,1,0,0,0
S010-A-004,S010,A,2,22,0.055,2.02223646419,1084.89266991,1654.89266991,0.55061411907,0.55061411907,0,1,1,0
S010-B-004,S010,B,2,22,0.055,1.74078277807,925.403519709,1495.40351971,0.564804305482,0.564804305482,0,1,1,0
S010-C-004,S010,C,2,22,0.055,3.19765292418,990.732364916,1602.73236492,0.600293384478,0.600293384478,0,1,1,0
S010-A-005,S010,A,2,11,0.04,1.89249799605,1084.89266991,1654.89266991,0.579444889768,0.579444889768,1,0,1,0
S010-B-005,S010,B,2,11,0.04,1.54814103152,925.403519709,1495.40351971,0.612964742121,0.612964742121,1,0,1,0
S010-C-005,S010,C,2,11,0.04,3.10245183134,990.732364916,1602.73236492,0.612193521082,0.612193521082,1,0,1,0
S010-A-006,S010,A,2,17,0.039,1.95488619103,1084.89266991,1654.89266991,0.565580846437,0.565580846437,1,1,0,0
S010-B-006,S010,B,2,17,0.039,1.63616571765,925.403519709,1495.40351971,0.590958570588,0.590958570588,1,1,0,0
S010-C-006,S010,C,2,17,0.039,3.14986064617,990.732364916,1602.73236492,0.606267419229,0.606267419229,1,1,0,0
S010-B-007,S010,B,3,25,0.067,1.82321656412,925.403519709,1555.40351971,0.544195858969,0.544195858969,1,1,1,0
S010-C-007,S010,C,3,25,0.067,3.23006619701,990.732364916,1668.73236492,0.596241725374,0.596241725374,1,1,1,0
S011-A-001,S011,A,1,8,0.028,1.10143458217,652.028309898,1162.0283099,0.755236759518,0.755236759518,0,0,1,0
S011-B-001,S011,B,1,8,0.028,0.894258619452,558.424762831,1068.42476283,0.776435345137,0.776435345137,0,0,1,0
S011-C-001,S011,C,1,8,0.028,1.81446714909,600.24534796,1146.24534796,0.773191606364,0.773191606364,0,0,1,0
S011-A-002,S011,A,1,14,0.027,1.13249321953,652.028309898,1162.0283099,0.748334840104,0.748334840104,0,1,0,0
S011-B-002,S011,B,1,14,0.027,0.936386579249,558.424762831,1068.42476283,0.765903355188,0.765903355188,0,1,0,0
S011-C-002,S011,C,1,14,0.027,1.83876337273,600.24534796,1146.24534796,0.770154578409,0.770154578409,0,1,0,0
S011-A-003,S011,A,1,3,0.012,1.08351346038,652.028309898,1162.0283099,0.759219231028,0.759219231028,1,0,0,0
S011-B-003,S011,B,1,3,0.012,0.871438410165,558.424762831,1068.42476283,0.782140397459,0.782140397459,1,0,0,0
S011-C-003,S011,C,1,3,0.012,1.79971998647,600.24534796,1146.24534796,0.775035001691,0.775035001691,1,0,0,0
S011-A-004,S011,A,2,22,0.055,1.19128388004,652.028309898,1222.0283099,0.735270248879,0.735270248879,0,1,1,0
S011-B-004,S011,B,2,22,0.055,1.02570491674,558.424762831,1128.42476283,0.743573770814,0.743573770814,0,1,1,0
S011-C-004,S011,C,2,22,0.055,1.88112322085,600.24534796,1212.24534796,0.764859597393,0.764859597393,0,1,1,0
S011-A-005,S011,A,2,11,0.04,1.11568462419,652.028309898,1222.0283099,0.752070083512,0.752070083512,1,0,1,0
S011-B-005,S011,B,2,11,0.04,0.913187977312,558.424762831,1128.42476283,0.771703005672,0.771703005672,1,0,1,0
S011-C-005,S011,C,2,11,0.04,1.82579381302,600.24534796,1212.24534796,0.771775773373,0.771775773373,1,0,1,0
S011-A-006,S011,A,2,17,0.039,1.15200342496,652.028309898,1222.0283099,0.743999238897,0.743999238897,1,1,0,0
S011-B-006,S011,B,2,17,0.039,0.964552732633,558.424762831,1128.42476283,0.758861816842,0.758861816842,1,1,0,0
S011-C-006,S011,C,2,17,0.039,1.85332127523,600.24534796,1212.24534796,0.768334840597,0.768334840597,1,1,0,0
S011-B-007,S011,B,3,25,0.067,1.07393668627,558.424762831,1188.42476283,0.731515828432,0.731515828432,1,1,1,0
S011-C-007,S011,C,3,25,0.067,1.89999815038,600.24534796,1278.24534796,0.762500231202,0.762500231202,1,1,1,0
S012-A-001,S012,A,1,8,0.028,2.83042498207,1539.19815302,2049.19815302,0.371016670651,0.371016670651,0,0,1,0
S012-B-001,S012,B,1,8,0.028,2.2896883869,1292.82681425,1802.82681425,0.427577903275,0.427577903275,0,0,1,0
S012-C-001,S012,C,1,8,0.028,4.70726983166,1362.67714589,1908.67714589,0.411591271042,0.411591271042,0,0,1,0
S012-A-002,S012,A,1,14,0.027,2.90863916246,1539.19815302,2049.19815302,0.353635741676,0.353635741676,0,1,0,0
S012-B-002,S012,B,1,14,0.027,2.39703782842,1292.82681425,1802.82681425,0.400740542895,0.400740542895,0,1,0,0
S012-C-002,S012,C,1,14,0.027,4.76768484765,1362.67714589,1908.67714589,0.404039394044,0.404039394044,0,1,0,0
S012-A-003,S012,A,1,3,0.012,2.78620062907,1539.19815302,2049.19815302,0.380844304651,0.380844304651,1,0,0,0
S012-B-003,S012,B,1,3,0.012,2.23256927956,1292.82681425,1802.82681425,0.441857680111,0.441857680111,1,0,0,0
S012-C-003,S012,C,1,3,0.012,4.67139956988,1362.67714589,1908.67714589,0.416075053764,0.416075053764,1,0,0,0
S012-A-004,S012,A,2,22,0.055,3.05866790646,1539.19815302,2109.19815302,0.320296020787,0.320296020787,0,1,1,0
S012-B-004,S012,B,2,22,0.055,2.62741763692,1292.82681425,1862.82681425,0.343145590771,0.343145590771,0,1,1,0
S012-C-004,S012,C,2,22,0.055,4.87446649929,1362.67714589,1974.67714589,0.390691687589,0.390691687589,0,1,1,0
S012-A-005,S012,A,2,11,0.04,2.86616492313,1539.19815302,2109.19815302,0.363074461526,0.363074461526,1,0,1,0
S012-B-005,S012,B,2,11,0.04,2.33774462731,1292.82681425,1862.82681425,0.415563843171,0.415563843171,1,0,1,0
S012-C-005,S012,C,2,11,0.04,4.73531522911,1362.67714589,1974.67714589,0.408085596361,0.408085596361,1,0,1,0
S012-A-006,S012,A,2,17,0.039,2.95822423589,1539.19815302,2109.19815302,0.342616836468,0.342616836468,1,1,0,0
S012-B-006,S012,B,2,17,0.039,2.46940598596,1292.82681425,1862.82681425,0.382648503509,0.382648503509,1,1,0,0
S012-C-006,S012,C,2,17,0.039,4.80423509984,1362.67714589,1974.67714589,0.39947061252,0.39947061252,1,1,0,0
S012-B-007,S012,B,3,25,0.067,2.75259995448,1292.82681425,1922.82681425,0.311850011381,0.311850011381,1,1,1,0
S012-C-007,S012,C,3,25,0.067,4.92237948039,1362.67714589,2040.67714589,0.384702564951,0.384702564951,1,1,1,0
S013-A-001,S013,A,1,8,0.028,1.8713147724,1042.16281728,1552.16281728,0.5841522728,0.5841522728,0,0,1,0
S013-B-001,S013,B,1,8,0.028,1.51569018767,880.511588782,1390.51158878,0.621077453082,0.621077453082,0,0,1,0
S013-C-001,S013,C,1,8,0.028,3.10274931246,933.672196687,1479.67219669,0.612156335943,0.612156335943,0,0,1,0
S013-A-002,S013,A,1,14,0.027,1.92454222842,1042.16281728,1552.16281728,0.572323949241,0.572323949241,0,1,0,0
S013-B-002,S013,B,1,14,0.027,1.58803411551,880.511588782,1390.51158878,0.602991471123,0.602991471123,0,1,0,0
S013-C-002,S013,C,1,14,0.027,3.14429823149,933.672196687,1479.67219669,0.606962721064,0.606962721064,0,1,0,0
S013-A-003,S013,A,1,3,0.012,1.84070715895,1042.16281728,1552.16281728,0.590953964678,0.590953964678,1,0,0,0
S013-B-003,S013,B,1,3,0.012,1.47662195989,880.511588782,1390.51158878,0.630844510028,0.630844510028,1,0,0,0
S013-C-003,S013,C,1,3,0.012,3.07762305539,933.672196687,1479.67219669,0.615297118077,0.615297118077,1,0,0,0
S013-A-004,S013,A,2,22,0.055,2.0255255621,1042.16281728,1612.16281728,0.549883208421,0.549883208421,0,1,1,0
S013-B-004,S013,B,2,22,0.055,1.74173806334,880.511588782,1450.51158878,0.564565484165,0.564565484165,0,1,1,0
S013-C-004,S013,C,2,22,0.055,3.21690592033,933.672196687,1545.67219669,0.597886759958,0.597886759958,0,1,1,0
S013-A-005,S013,A,2,11,0.04,1.89571921829,1042.16281728,1612.16281728,0.578729062603,0.578729062603,1,0,1,0
S013-B-005,S013,B,2,11,0.04,1.54817570716,880.511588782,1450.51158878,0.61295607321,0.61295607321,1,0,1,0
S013-C-005,S013,C,2,11,0.04,3.12210514987,933.672196687,1545.67219669,0.609736856266,0.609736856266,1,0,1,0
S013-A-006,S013,A,2,17,0.039,1.95803085864,1042.16281728,1612.16281728,0.564882031413,0.564882031413,1,1,0,0
S013-B-006,S013,B,2,17,0.039,1.6364713739,880.511588782,1450.51158878,0.590882156524,0.590882156524,1,1,0,0
S013-C-006,S013,C,2,17,0.039,3.16923434551,933.672196687,1545.67219669,0.603845706811,0.603845706811,1,1,0,0
S013-B-007,S013,B,3,25,0.067,1.82482819123,880.511588782,1510.51158878,0.543792952192,0.543792952192,1,1,1,0
S013-C-007,S013,C,3,25,0.067,3.24929744332,933.672196687,1611.67219669,0.593837819585,0.593837819585,1,1,1,0
S014-A-001,S014,A,1,8,0.028,2.18849262159,1420.39888529,1930.39888529,0.513668306313,0.513668306313,0,0,1,0
S014-B-001,S014,B,1,8,0.028,1.78447184374,1239.74767529,1749.74767529,0.553882039065,0.553882039065,0,0,1,0
S014-C-001,S014,C,1,8,0.028,3.56453419511,1357.28013786,1903.28013786,0.554433225611,0.554433225611,0,0,1,0
S014-A-002,S014,A,1,14,0.027,2.25162780107,1420.39888529,1930.39888529,0.499638266428,0.499638266428,0,1,0,0
S014-B-002,S014,B,1,14,0.027,1.86897038555,1239.74767529,1749.74767529,0.532757403613,0.532757403613,0,1,0,0
S014-C-002,S014,C,1,14,0.027,3.61461817877,1357.28013786,1903.28013786,0.548172727653,0.548172727653,0,1,0,0
S014-A-003,S014,A,1,3,0.012,2.1512445395,1420.39888529,1930.39888529,0.521945657889,0.521945657889,1,0,0,0
S014-B-003,S014,B,1,3,0.012,1.73776871308,1239.74767529,1749.74767529,0.565557821731,0.565557821731,1,0,0,0
S014-C-003,S014,C,1,3,0.012,3.53341173094,1357.28013786,1903.28013786,0.558323533632,0.558323533632,1,0,0,0
S014-A-004,S014,A,2,22,0.055,2.36934911329,1420.39888529,1990.39888529,0.473477974825,0.473477974825,0,1,1,0
S014-B-004,S014,B,2,22,0.055,2.04560892855,1239.74767529,1809.74767529,0.488597767862,0.488597767862,0,1,1,0
S014-C-004,S014,C,2,22,0.055,3.7006286613,1357.28013786,1969.28013786,0.537421417337,0.537421417337,0,1,1,0
S014-A-005,S014,A,2,11,0.04,2.21759125708,1420.39888529,1990.39888529,0.507201942872,0.507201942872,1,0,1,0
S014-B-005,S014,B,2,11,0.04,1.82260137702,1239.74767529,1809.74767529,0.544349655744,0.544349655744,1,0,1,0
S014-C-005,S014,C,2,11,0.04,3.58799082442,1357.28013786,1969.28013786,0.551501146947,0.551501146947,1,0,1,0
S014-A-006,S014,A,2,17,0.039,2.2908783476,1420.39888529,1990.39888529,0.490915922755,0.490915922755,1,1,0,0
S014-B-006,S014,B,2,17,0.039,1.92492657541,1239.74767529,1809.74767529,0.518768356148,0.518768356148,1,1,0,0
S014-C-006,S014,C,2,17,0.039,3.64431097301,1357.28013786,1969.28013786,0.544461128374,0.544461128374,1,1,0,0
S014-B-007,S014,B,3,25,0.067,2.14029097817,1239.74767529,1869.74767529,0.464927255459,0.464927255459,1,1,1,0
S014-C-007,S014,C,3,25,0.067,3.73865315002,1357.28013786,2035.28013786,0.532668356247,0.532668356247,1,1,1,0
S015-A-001,S015,A,1,8,0.028,2.36097608934,1398.65305656,1908.65305656,0.475338646813,0.475338646813,0,0,1,0
S015-B-001,S015,B,1,8,0.028,1.91750580102,1198.32756016,1708.32756016,0.520623549745,0.520623549745,0,0,1,0
S015-C-001,S015,C,1,8,0.028,3.88697005117,1288.56064529,1834.56064529,0.514128743604,0.514128743604,0,0,1,0
S015-A-002,S015,A,1,14,0.027,2.42938205165,1398.65305656,1908.65305656,0.460137321857,0.460137321857,0,1,0,0
S015-B-002,S015,B,1,14,0.027,2.00960175778,1198.32756016,1708.32756016,0.497599560556,0.497599560556,0,1,0,0
S015-C-002,S015,C,1,14,0.027,3.94090344348,1288.56064529,1834.56064529,0.507387069565,0.507387069565,0,1,0,0
S015-A-003,S015,A,1,3,0.012,2.32100900612,1398.65305656,1908.65305656,0.484220220862,0.484220220862,1,0,0,0
S015-B-003,S015,B,1,3,0.012,1.86705394275,1198.32756016,1708.32756016,0.533236514313,0.533236514313,1,0,0,0
S015-C-003,S015,C,1,3,0.012,3.8537957121,1288.56064529,1834.56064529,0.518275535988,0.518275535988,1,0,0,0
S015-A-004,S015,A,2,22,0.055,2.55778395142,1398.65305656,1968.65305656,0.43160356635,0.43160356635,0,1,1,0
S015-B-004,S015,B,2,22,0.055,2.20333742147,1198.32756016,1768.32756016,0.449165644633,0.449165644633,0,1,1,0
S015-C-004,S015,C,2,22,0.055,4.0341409638,1288.56064529,1900.56064529,0.495732379525,0.495732379525,0,1,1,0
S015-A-005,S015,A,2,11,0.04,2.3924412284,1398.65305656,1968.65305656,0.468346393688,0.468346393688,1,0,1,0
S015-B-005,S015,B,2,11,0.04,1.95898537112,1198.32756016,1768.32756016,0.510253657221,0.510253657221,1,0,1,0
S015-C-005,S015,C,2,11,0.04,3.91217872681,1288.56064529,1900.56064529,0.510977659149,0.510977659149,1,0,1,0
S015-A-006,S015,A,2,17,0.039,2.47210472183,1398.65305656,1968.65305656,0.450643395148,0.450643395148,1,1,0,0
S015-B-006,S015,B,2,17,0.039,2.07084944251,1198.32756016,1768.32756016,0.482287639374,0.482287639374,1,1,0,0
S015-C-006,S015,C,2,17,0.039,3.97302744968,1288.56064529,1900.56064529,0.50337156879,0.50337156879,1,1,0,0
S015-B-007,S015,B,3,25,0.067,2.30752850568,1198.32756016,1828.32756016,0.423117873579,0.423117873579,1,1,1,0
S015-C-007,S015,C,3,25,0.067,4.07550404919,1288.56064529,1966.56064529,0.490561993852,0.490561993852,1,1,1,0
